dataset,frame,sweep,level_m,voxel_size,distance_threshold,eps,min_points,seed,max_forward,half_width,cluster_id,n_points,min_x_m,min_y_m,min_z_m,max_x_m,max_y_m,max_z_m,size_x_m,size_y_m,size_z_m,nearest_m
kitti_mini,000008,eps,0.3,0.15,0.1,0.3,10,42,40.0,15.0,0,2357,1.0,-10.6850004196167,-1.715666691462199,16.201000213623047,-4.4347498416900635,0.722000002861023,15.201000213623047,6.250250577926636,2.437666694323222,4.546097904617766
kitti_mini,000008,eps,0.3,0.15,0.1,0.3,10,42,40.0,15.0,1,235,5.337000052134196,4.178999900817871,-0.40299999713897705,7.425000190734863,5.639999866485596,0.49399998784065247,2.088000138600667,1.4609999656677246,0.8969999849796295,6.778466620668438
kitti_mini,000008,eps,0.3,0.15,0.1,0.3,10,42,40.0,15.0,2,419,5.050000190734863,5.627999782562256,-1.152999997138977,6.882999897003174,8.538250207901001,0.5585000216960907,1.8329997062683105,2.910250425338745,1.7115000188350677,7.561539755826385
kitti_mini,000008,eps,0.3,0.15,0.1,0.3,10,42,40.0,15.0,3,257,17.046500205993652,1.0479999780654907,-0.3959999978542328,19.002999305725098,3.4000000953674316,0.8260000050067902,1.9564990997314453,2.352000117301941,1.222000002861023,17.078684762796193
kitti_mini,000008,eps,0.3,0.15,0.1,0.3,10,42,40.0,15.0,4,787,1.0190000534057617,4.3669999440511065,-1.4840000122785568,4.041999816894531,8.220999717712402,0.46000000834465027,3.0229997634887695,3.853999773661296,1.944000020623207,4.484311499013345
kitti_mini,000008,eps,0.3,0.15,0.1,0.3,10,42,40.0,15.0,5,695,4.177999973297119,8.949749946594238,-1.1480000019073486,7.681000232696533,12.11299991607666,0.671999990940094,3.503000259399414,3.163249969482422,1.8199999928474426,9.876928059039122
kitti_mini,000008,eps,0.3,0.15,0.1,0.3,10,42,40.0,15.0,6,21,10.375,5.932999928792317,0.24500000476837158,11.020000457763672,6.50600004196167,0.625,0.6450004577636719,0.5730001131693525,0.3799999952316284,11.951615503983119
kitti_mini,000008,eps,0.3,0.15,0.1,0.3,10,42,40.0,15.0,7,153,8.98799991607666,3.2730000019073486,-0.2809999883174896,10.869999885559082,4.72950005531311,0.5730000138282776,1.8819999694824219,1.4565000534057617,0.8540000021457672,9.56538924999289
kitti_mini,000008,eps,0.3,0.15,0.1,0.3,10,42,40.0,15.0,8,22,10.482000350952148,-11.192000389099121,0.36399999260902405,11.085000038146973,-10.582499980926514,0.7350000143051147,0.6029996871948242,0.6095004081726074,0.3710000216960907,14.895020550629349
kitti_mini,000008,eps,0.3,0.15,0.1,0.3,10,42,40.0,15.0,9,146,20.8410005569458,-0.34800000488758087,-0.6309999823570251,22.06800079345703,1.378000020980835,0.9359999895095825,1.2270002365112305,1.7260000258684158,1.5669999718666077,20.8410005569458
kitti_mini,000008,eps,0.3,0.15,0.1,0.3,10,42,40.0,15.0,10,83,12.371999740600586,-14.039999961853027,-0.9369999766349792,13.764500141143799,-13.447999954223633,0.4970000088214874,1.392500400543213,0.5920000076293945,1.4339999854564667,18.27334343655314
kitti_mini,000008,eps,0.3,0.15,0.1,0.3,10,42,40.0,15.0,11,36,17.934999465942383,2.9839999675750732,0.17800000309944153,18.37299919128418,3.8613333702087402,0.8420000076293945,0.4379997253417969,0.877333402633667,0.664000004529953,18.181541784178854
kitti_mini,000008,eps,0.3,0.15,0.1,0.3,10,42,40.0,15.0,12,181,1.003000020980835,8.185999870300293,-1.121000051498413,2.322999954223633,9.906999588012695,0.41499999165534973,1.3199999332427979,1.7209997177124023,1.5360000431537628,8.247217889606407
kitti_mini,000008,eps,0.3,0.15,0.1,0.3,10,42,40.0,15.0,13,148,1.8640000224113464,-8.837249994277954,-0.6859999895095825,3.1600000858306885,-6.979000091552734,0.4544999897480011,1.296000063419342,1.8582499027252197,1.1404999792575836,7.223637474392148
kitti_mini,000008,eps,0.3,0.15,0.1,0.3,10,42,40.0,15.0,14,402,2.2320001125335693,1.6050000190734863,-1.5285000205039978,5.322000026702881,3.8399999141693115,-0.10333333412806193,3.0899999141693115,2.234999895095825,1.4251666863759358,2.7491543360778707
kitti_mini,000008,eps,0.3,0.15,0.1,0.3,10,42,40.0,15.0,15,28,21.23699951171875,-1.0416666666666667,0.4230000078678131,21.768999099731445,-0.34200000762939453,0.9409999847412109,0.5319995880126953,0.6996666590372722,0.5179999768733978,21.239753112170607
kitti_mini,000008,eps,0.3,0.15,0.1,0.3,10,42,40.0,15.0,16,76,12.675000190734863,4.047499895095825,-0.9339999854564667,13.74899959564209,5.059000015258789,0.25099998712539673,1.0739994049072266,1.0115001201629639,1.1849999725818634,13.305558433824922
kitti_mini,000008,eps,0.3,0.15,0.1,0.3,10,42,40.0,15.0,17,116,9.428999900817871,4.867666721343994,-1.0210000276565552,10.645000457763672,5.978000164031982,0.6079999804496765,1.2160005569458008,1.1103334426879883,1.6290000081062317,10.611325008673667
kitti_mini,000008,eps,0.3,0.15,0.1,0.3,10,42,40.0,15.0,18,337,6.170000076293945,0.03400000184774399,-1.5010000126702445,9.71049976348877,2.3499999046325684,-0.06533333162466685,3.540499687194824,2.3159999027848244,1.4356666810455776,6.170093754684197
kitti_mini,000008,eps,0.3,0.15,0.1,0.3,10,42,40.0,15.0,19,277,16.923500061035156,4.4710001945495605,-0.7355000078678131,20.844999313354492,5.919000148773193,0.9089999794960022,3.921499252319336,1.4479999542236328,1.6444999873638153,17.504133713369512
kitti_mini,000008,eps,0.3,0.15,0.1,0.3,10,42,40.0,15.0,20,28,4.5980000495910645,-10.737000465393066,-1.1520000100135803,5.251999855041504,-10.071999549865723,-0.574999988079071,0.6539998054504395,0.6650009155273438,0.5770000219345093,11.07189140971563
kitti_mini,000008,eps,0.3,0.15,0.1,0.3,10,42,40.0,15.0,21,108,4.886000156402588,-4.0689999792310925,-1.6080000400543213,5.801249861717224,-2.794000029563904,-0.4699999988079071,0.9152497053146362,1.2749999496671887,1.1380000412464142,5.6284486045063264
kitti_mini,000008,eps,0.3,0.15,0.1,0.3,10,42,40.0,15.0,22,208,7.123000144958496,-10.203500270843506,-0.6694999933242798,9.326000213623047,-8.946000099182129,0.6639999747276306,2.203000068664551,1.257500171661377,1.3334999680519104,11.43538581944857
kitti_mini,000008,eps,0.3,0.15,0.1,0.3,10,42,40.0,15.0,23,32,13.13320026397705,-8.034000396728516,0.36399999260902405,14.060999870300293,-7.26200008392334,0.7480000257492065,0.9277996063232425,0.7720003128051758,0.3840000331401825,15.00725139366398
kitti_mini,000008,eps,0.3,0.15,0.1,0.3,10,42,40.0,15.0,24,40,1.6683333317438762,-6.948999881744385,-0.11649999767541885,2.22620005607605,-5.861000061035156,0.44349999725818634,0.5578667243321738,1.0879998207092285,0.5599999949336052,6.093821282353276
kitti_mini,000008,eps,0.3,0.15,0.1,0.3,10,42,40.0,15.0,25,183,12.869499921798706,-1.6469999551773071,-1.4559999704360962,14.015000343322754,0.11425000056624413,-0.08799999952316284,1.1455004215240479,1.7612499557435513,1.3679999709129333,12.869499921798706
kitti_mini,000008,eps,0.3,0.15,0.1,0.3,10,42,40.0,15.0,26,14,2.3855454704978247,-4.706999778747559,0.289000004529953,2.497999906539917,-4.1509997844696045,0.38100001215934753,0.11245443604209227,0.5559999942779541,0.09200000762939453,4.7876535382668814
kitti_mini,000008,eps,0.3,0.15,0.1,0.3,10,42,40.0,15.0,27,117,8.059000015258789,2.959000051021576,-1.3179999589920044,10.824000358581543,3.9816667238871255,-0.2840000092983246,2.765000343322754,1.0226666728655496,1.0339999496936798,8.585054603663675
kitti_mini,000008,eps,0.3,0.15,0.1,0.3,10,42,40.0,15.0,28,31,5.549000024795532,-12.755000114440918,-0.7689999938011169,5.943999767303467,-11.753999710083008,-0.23600000143051147,0.39499974250793457,1.0010004043579102,0.5329999923706055,12.997996401746395
kitti_mini,000008,eps,0.3,0.15,0.1,0.3,10,42,40.0,15.0,29,12,11.02760009765625,-11.734000205993652,0.36800000071525574,11.28499984741211,-11.28499984741211,0.7599999904632568,0.25739974975585866,0.44900035858154297,0.3919999897480011,15.778440527185172
kitti_mini,000008,eps,0.3,0.15,0.1,0.3,10,42,40.0,15.0,30,16,15.017000198364258,3.109999895095825,0.1225999966263771,15.250999927520752,3.69266668955485,0.7386666735013326,0.23399972915649414,0.5826667944590249,0.6160666768749555,15.335657609152866
kitti_mini,000008,eps,0.3,0.15,0.1,0.3,10,42,40.0,15.0,31,12,16.246999740600586,8.701000213623047,-0.18699999898672104,16.41849994659424,9.127000331878662,0.26600000262260437,0.17150020599365234,0.42600011825561523,0.4530000016093254,18.430203614950752
kitti_mini,000008,eps,0.3,0.15,0.1,0.3,10,42,40.0,15.0,32,97,15.452000141143799,6.117000102996826,-0.7400000095367432,16.132999420166016,7.93149995803833,0.47099998593330383,0.6809992790222168,1.814499855041504,1.210999995470047,16.618724337986087
kitti_mini,000008,eps,0.3,0.15,0.1,0.3,10,42,40.0,15.0,33,11,6.25724995136261,8.435999870300293,-1.1579999923706055,6.692999839782715,8.967000007629395,-1.0260000228881836,0.435749888420105,0.5310001373291016,0.13199996948242188,10.50329808991128
kitti_mini,000008,eps,0.3,0.15,0.1,0.3,10,42,40.0,15.0,34,77,4.071000099182129,6.444499969482422,-1.0579999685287476,5.224499940872192,8.107000350952148,-0.6869999766349792,1.1534998416900635,1.6625003814697266,0.3709999918937683,7.622638759917712
kitti_mini,000008,eps,0.3,0.15,0.1,0.3,10,42,40.0,15.0,35,98,12.199999809265137,5.86899995803833,-0.8769999742507935,14.315499782562256,8.065666834513346,-0.3774999976158142,2.115499973297119,2.1966668764750157,0.49949997663497925,13.538284819485934
kitti_mini,000008,eps,0.3,0.15,0.1,0.3,10,42,40.0,15.0,36,101,1.0174999833106995,10.173999786376953,-1.0160000324249268,2.0000000596046448,11.201499938964844,0.12300000339746475,0.9825000762939453,1.0275001525878906,1.1390000358223915,10.224753193560986
kitti_mini,000008,eps,0.3,0.15,0.1,0.3,10,42,40.0,15.0,37,27,21.840499877929688,-11.690999984741211,-0.3240000009536743,22.588500022888184,-10.99399995803833,0.2849999964237213,0.7480001449584961,0.6970000267028809,0.6089999973773956,24.45149218340659
kitti_mini,000008,eps,0.3,0.15,0.1,0.3,10,42,40.0,15.0,38,27,7.0970001220703125,10.152000427246094,-0.7559999823570251,7.756999969482422,10.625,-0.01575000025331974,0.6599998474121094,0.47299957275390625,0.7402499821037054,12.38670752893887
kitti_mini,000008,eps,0.3,0.15,0.1,0.3,10,42,40.0,15.0,39,39,3.3450000286102295,5.811999797821045,-0.9526666402816772,4.131999969482422,6.8732500076293945,-0.5379999876022339,0.7869999408721924,1.0612502098083496,0.41466665267944336,6.7058457215532705
kitti_mini,000008,eps,0.3,0.15,0.1,0.3,10,42,40.0,15.0,40,24,3.9809999465942383,8.359000205993652,-1.062000036239624,5.093999862670898,8.899999618530273,-0.949999988079071,1.1129999160766602,0.5409994125366211,0.11200004816055298,9.258576835485314
kitti_mini,000008,eps,0.3,0.15,0.1,0.3,10,42,40.0,15.0,41,25,18.29800033569336,0.041999999433755875,-0.9449999928474426,18.878999710083008,0.4659999907016754,-0.1850000023841858,0.5809993743896484,0.42399999126791954,0.7599999904632568,18.298048537616975
kitti_mini,000008,eps,0.3,0.15,0.1,0.3,10,42,40.0,15.0,42,23,6.9039998054504395,5.814000129699707,0.2370000034570694,7.821000099182129,6.223999977111816,0.5379999876022339,0.9170002937316895,0.4099998474121094,0.3009999841451645,9.025952072873416
kitti_mini,000008,eps,0.3,0.15,0.1,0.3,10,42,40.0,15.0,43,28,20.378000259399414,-10.678999900817871,0.2800000011920929,21.461999893188477,-10.107999801635742,1.0119999647140503,1.0839996337890625,0.5710000991821289,0.7319999635219574,22.74718783854283
kitti_mini,000008,eps,0.3,0.15,0.1,0.3,10,42,40.0,15.0,44,93,1.6030000448226929,10.878000259399414,-0.6119999885559082,2.75600004196167,12.329999923706055,0.6259999871253967,1.152999997138977,1.4519996643066406,1.237999975681305,10.99547628741908
kitti_mini,000008,eps,0.3,0.15,0.1,0.3,10,42,40.0,15.0,45,89,18.81800079345703,-8.743000030517578,-1.5486666758855183,19.64900016784668,-7.4054999351501465,-0.34025000035762787,0.8309993743896484,1.3375000953674316,1.2084166755278904,20.222724424568966
kitti_mini,000008,eps,0.3,0.15,0.1,0.3,10,42,40.0,15.0,46,14,6.579999923706055,-8.28600025177002,-0.7749999761581421,7.014500141143799,-7.629000186920166,-0.4909999966621399,0.43450021743774414,0.6570000648498535,0.2839999794960022,10.074623707513826
kitti_mini,000008,eps,0.3,0.15,0.1,0.3,10,42,40.0,15.0,47,13,33.90299987792969,-5.090000152587891,-0.2759999930858612,34.0989990234375,-4.706999778747559,0.15299999713897705,0.1959991455078125,0.38300037384033203,0.42899999022483826,34.228193753688345
kitti_mini,000008,eps,0.3,0.15,0.1,0.3,10,42,40.0,15.0,48,27,3.759999990463257,-9.333000183105469,-1.2389999628067017,4.23799991607666,-8.814000129699707,-0.590499997138977,0.4779999256134033,0.5190000534057617,0.6484999656677246,9.582494362880166
kitti_mini,000008,eps,0.3,0.15,0.1,0.3,10,42,40.0,15.0,49,49,3.0425000190734863,7.3475000858306885,-1.1004999876022339,4.165999889373779,8.430000305175781,-0.5490000247955322,1.123499870300293,1.0825002193450928,0.5514999628067017,7.952519341525938
kitti_mini,000008,eps,0.3,0.15,0.1,0.3,10,42,40.0,15.0,50,13,6.1519999504089355,12.139500141143799,-0.8259999752044678,6.695000171661377,12.584999561309814,-0.49000000953674316,0.5430002212524414,0.4454994201660156,0.3359999656677246,13.609355865237042
kitti_mini,000008,eps,0.3,0.15,0.1,0.3,10,42,40.0,15.0,51,10,19.224000930786133,-11.321000099182129,0.027000000700354576,19.79800033569336,-11.057999610900879,0.27799999713897705,0.5739994049072266,0.26300048828125,0.2509999964386225,22.177501373724454
kitti_mini,000008,eps,0.3,0.15,0.1,0.3,10,42,40.0,15.0,52,45,14.027667045593262,-2.122999906539917,-1.2145000100135803,15.381999969482422,-1.4040000041325886,-0.16699999570846558,1.3543329238891602,0.7189999024073284,1.0475000143051147,14.097753677576705
kitti_mini,000008,eps,0.3,0.15,0.1,0.3,10,42,40.0,15.0,53,23,20.030999183654785,-11.289999961853027,0.023000000044703484,20.836000442504883,-10.836999893188477,0.5659999847412109,0.8050012588500977,0.4530000686645508,0.5429999846965075,22.774580017654458
kitti_mini,000008,eps,0.3,0.15,0.1,0.3,10,42,40.0,15.0,54,18,21.77899932861328,-0.7770000100135803,0.029999999329447746,22.33799934387207,-0.24400000274181366,0.5410000085830688,0.5590000152587891,0.5330000072717667,0.5110000092536211,21.7803661070487
kitti_mini,000008,eps,0.3,0.15,0.1,0.3,10,42,40.0,15.0,55,23,4.953000068664551,-7.859000205993652,-1.1440000534057617,5.749000072479248,-7.300000190734863,-0.800000011920929,0.7960000038146973,0.5590000152587891,0.34400004148483276,8.821689887142943
kitti_mini,000008,eps,0.3,0.15,0.1,0.3,10,42,40.0,15.0,56,18,7.5229997634887695,5.916999816894531,-0.3400000035762787,8.00249981880188,6.34499979019165,0.12999999523162842,0.47950005531311035,0.42799997329711914,0.4699999988079071,9.5711238772979
kitti_mini,000008,eps,0.3,0.15,0.1,0.3,10,42,40.0,15.0,57,16,21.522000312805176,4.2220001220703125,-0.3720000088214874,22.02899932861328,4.504000186920166,0.2770000100135803,0.5069990158081055,0.2820000648498535,0.6490000188350677,21.93220879198326
kitti_mini,000008,eps,0.3,0.15,0.1,0.3,10,42,40.0,15.0,58,15,12.079999923706055,-13.687000274658203,0.17800000309944153,12.708000183105469,-13.39900016784668,0.7200000286102295,0.6280002593994141,0.28800010681152344,0.542000025510788,18.040498985745756
kitti_mini,000008,eps,0.3,0.15,0.1,0.3,10,42,40.0,15.0,59,25,8.548500061035156,1.1699999570846558,-0.6655000150203705,8.961000442504883,1.8140000104904175,-0.2370000034570694,0.41250038146972656,0.6440000534057617,0.4285000115633011,8.628195245420455
kitti_mini,000008,eps,0.3,0.15,0.1,0.3,10,42,40.0,15.0,60,15,16.496000289916992,9.424000263214111,-0.3019999861717224,16.767499923706055,10.012500286102295,0.11449999921023846,0.2714996337890625,0.5885000228881836,0.41649998538196087,18.998152713514045
kitti_mini,000008,eps,0.3,0.15,0.1,0.3,10,42,40.0,15.0,61,10,22.530000686645508,-10.72350025177002,0.5925000011920929,22.895000457763672,-10.364999771118164,1.0549999475479126,0.36499977111816406,0.35850048065185547,0.4624999463558197,24.799882080274628
kitti_mini,000008,eps,0.3,0.15,0.1,0.3,10,42,40.0,15.0,62,33,4.271999835968018,-12.920000076293945,-0.8730000257492065,5.211999893188477,-12.201000213623047,-0.07900000363588333,0.940000057220459,0.7189998626708984,0.7940000221133232,12.927273061683984
kitti_mini,000008,eps,0.3,0.15,0.1,0.3,10,42,40.0,15.0,63,10,8.107000350952148,12.178999900817871,-0.7250000238418579,8.288999557495117,12.585000038146973,-0.36899998784065247,0.18199920654296875,0.40600013732910156,0.35600003600120544,14.630498736354136
kitti_mini,000008,eps,0.3,0.15,0.1,0.3,10,42,40.0,15.0,64,32,5.198999881744385,8.046666781107584,-1.1629999876022339,6.222400093078614,9.013999938964844,-0.925000011920929,1.0234002113342289,0.9673331578572597,0.23799997568130493,9.58010678732541
kitti_mini,000008,eps,0.3,0.15,0.1,0.3,10,42,40.0,15.0,65,20,18.738000869750977,-10.588000297546387,-1.4149999618530273,19.4060001373291,-10.270000457763672,-0.6349999904632568,0.667999267578125,0.31799983978271484,0.7799999713897705,21.367863393359066
kitti_mini,000008,eps,0.3,0.15,0.1,0.3,10,42,40.0,15.0,66,14,15.942999839782715,-9.722999572753906,-1.1679999828338623,16.753999710083008,-9.414999961853027,-0.6470000147819519,0.810999870300293,0.3079996109008789,0.5209999680519104,18.51543864381841
kitti_mini,000008,eps,0.3,0.15,0.1,0.3,10,42,40.0,15.0,67,21,13.779000282287598,7.627000013987224,-0.4230000078678131,14.348999977111816,8.322999954223633,-0.21199999749660492,0.5699996948242188,0.6959999402364092,0.2110000103712082,15.74903101757828
kitti_mini,000008,eps,0.3,0.15,0.1,0.3,10,42,40.0,15.0,68,7,13.303999900817871,3.890333334604899,0.1850000023841858,13.592000007629395,4.250999927520752,0.42399999499320984,0.28800010681152344,0.360666592915853,0.23899999260902405,13.86113656289772
kitti_mini,000008,eps,0.3,0.15,0.1,0.3,10,42,40.0,15.0,69,10,17.854999542236328,-10.348999977111816,-0.8399999737739563,18.343000411987305,-10.13599967956543,-0.335999995470047,0.48800086975097656,0.21300029754638672,0.5039999783039093,20.531427085261512
kitti_mini,000008,eps,0.3,0.15,0.1,0.3,10,42,40.0,15.0,70,10,14.487000465393066,-0.8996666471163431,-0.5370000004768372,14.729000091552734,-0.5720000267028809,-0.2616666654745738,0.24199962615966797,0.3276666204134623,0.27533333500226337,14.498288399492093
kitti_mini,000008,eps,0.3,0.15,0.1,0.3,10,42,40.0,15.0,71,10,14.357999801635742,-8.788000106811523,0.18000000715255737,14.814000129699707,-8.519000053405762,0.4650000035762787,0.45600032806396484,0.2690000534057617,0.2849999964237213,16.695074729203803
kitti_mini,000008,eps,0.3,0.15,0.1,0.3,10,42,40.0,15.0,72,11,8.628999710083008,11.77400016784668,-0.4950000047683716,9.020999908447266,12.086499691009521,-0.10599999874830246,0.3920001983642578,0.3124995231628418,0.3890000060200691,14.597490056481158
kitti_mini,000008,eps,0.3,0.15,0.1,0.3,10,42,40.0,15.0,73,8,5.359000205993652,7.447999954223633,-1.1716666618982952,5.7589999834696455,7.7230000495910645,-1.1059999465942383,0.39999977747599313,0.27500009536743164,0.06566671530405688,9.175597338917791
kitti_mini,000008,eps,0.5,0.15,0.1,0.5,10,42,40.0,15.0,0,3491,1.0,-12.192000389099121,-1.715666691462199,24.1299991607666,-4.1509997844696045,1.0549999475479126,23.1299991607666,8.041000604629517,2.770666639010112,4.26975399884662
kitti_mini,000008,eps,0.5,0.15,0.1,0.5,10,42,40.0,15.0,1,3082,1.003000020980835,3.9670000076293945,-1.4840000122785568,8.321999549865723,12.836000442504883,0.6814999878406525,7.318999528884888,8.869000434875488,2.1655000001192093,4.091833098089311
kitti_mini,000008,eps,0.5,0.15,0.1,0.5,10,42,40.0,15.0,2,269,20.582000732421875,-1.4429999589920044,-0.6685000061988831,23.458999633789062,1.609499990940094,0.9679999947547913,2.8769989013671875,3.0524999499320984,1.6365000009536743,20.582000732421875
kitti_mini,000008,eps,0.5,0.15,0.1,0.5,10,42,40.0,15.0,3,47,14.75,2.3239998817443848,-0.2980000078678131,15.638999938964844,3.9910000562667847,0.7459999918937683,0.8889999389648438,1.6670001745224,1.0439999997615814,14.931961540613072
kitti_mini,000008,eps,0.5,0.15,0.1,0.5,10,42,40.0,15.0,4,333,17.046500205993652,1.0479999780654907,-0.3959999978542328,19.187999725341797,4.074999809265137,0.8489999771118164,2.1414995193481445,3.026999831199646,1.2449999749660492,17.078684762796193
kitti_mini,000008,eps,0.5,0.15,0.1,0.5,10,42,40.0,15.0,5,829,7.901000022888184,2.849500060081482,-1.3179999589920044,14.75100040435791,8.791000366210938,0.6435000002384186,6.850000381469727,5.941500306129456,1.961499959230423,8.399134000245708
kitti_mini,000008,eps,0.5,0.15,0.1,0.5,10,42,40.0,15.0,6,287,12.869499921798706,-2.313999891281128,-1.4559999704360962,16.13800048828125,0.11425000056624413,-0.08799999952316284,3.268500566482544,2.428249891847372,1.3679999709129333,12.869499921798706
kitti_mini,000008,eps,0.5,0.15,0.1,0.5,10,42,40.0,15.0,7,176,4.886000156402588,-4.082000017166138,-1.6620000004768372,7.979000091552734,-2.794000029563904,-0.36399999260902405,3.0929999351501465,1.2879999876022339,1.298000007867813,5.6284486045063264
kitti_mini,000008,eps,0.5,0.15,0.1,0.5,10,42,40.0,15.0,8,114,11.770999908447266,-14.086000442504883,-0.9369999766349792,14.008999824523926,-13.322999954223633,0.8149999976158142,2.23799991607666,0.76300048828125,1.7519999742507935,17.77804169825542
kitti_mini,000008,eps,0.5,0.15,0.1,0.5,10,42,40.0,15.0,9,297,16.757999420166016,4.303999900817871,-0.7594999969005585,21.003000259399414,5.949999809265137,0.9290000200271606,4.245000839233398,1.6459999084472656,1.6885000169277191,17.301877346476733
kitti_mini,000008,eps,0.5,0.15,0.1,0.5,10,42,40.0,15.0,10,414,2.2320001125335693,1.6050000190734863,-1.5285000205039978,5.322000026702881,3.8399999141693115,-0.10333333412806193,3.0899999141693115,2.234999895095825,1.4251666863759358,2.7491543360778707
kitti_mini,000008,eps,0.5,0.15,0.1,0.5,10,42,40.0,15.0,11,12,36.78099822998047,-6.177999973297119,-0.7770000100135803,37.31999969482422,-5.813000202178955,0.14800000190734863,0.53900146484375,0.36499977111816406,0.925000011920929,37.23751874312195
kitti_mini,000008,eps,0.5,0.15,0.1,0.5,10,42,40.0,15.0,12,104,14.943000316619873,5.798999786376953,-0.7429999709129333,16.132999420166016,7.93149995803833,0.47099998593330383,1.1899991035461426,2.132500171661377,1.2139999568462372,16.02877590413259
kitti_mini,000008,eps,0.5,0.15,0.1,0.5,10,42,40.0,15.0,13,393,6.170000076293945,0.03400000184774399,-1.5010000126702445,9.746999740600586,2.3499999046325684,-0.06533333162466685,3.5769996643066406,2.3159999027848244,1.4356666810455776,6.170093754684197
kitti_mini,000008,eps,0.5,0.15,0.1,0.5,10,42,40.0,15.0,14,168,3.8574999570846558,-13.023000240325928,-1.2380000352859497,6.1519999504089355,-9.61400032043457,0.24500000476837158,2.29449999332428,3.4089999198913574,1.4830000400543213,10.359020613949184
kitti_mini,000008,eps,0.5,0.15,0.1,0.5,10,42,40.0,15.0,15,47,8.052666664123535,11.532000064849854,-0.7250000238418579,9.282999992370605,13.182999610900879,0.1394999995827675,1.2303333282470703,1.6509995460510254,0.8645000234246254,14.065292954616462
kitti_mini,000008,eps,0.5,0.15,0.1,0.5,10,42,40.0,15.0,16,105,18.81800079345703,-8.743000030517578,-1.5486666758855183,19.979000091552734,-7.4054999351501465,-0.23199999332427979,1.1609992980957031,1.3375000953674316,1.3166666825612385,20.222724424568966
kitti_mini,000008,eps,0.5,0.15,0.1,0.5,10,42,40.0,15.0,17,29,33.29499816894531,-5.245999813079834,-1.121000051498413,34.3120002746582,-4.50600004196167,0.15299999713897705,1.0170021057128906,0.7399997711181641,1.2740000486373901,33.59852585230831
kitti_mini,000008,eps,0.5,0.15,0.1,0.5,10,42,40.0,15.0,18,43,16.246999740600586,8.701000213623047,-0.3019999861717224,16.84000015258789,10.277999877929688,0.7210000157356262,0.5930004119873047,1.5769996643066406,1.0230000019073486,18.430203614950752
kitti_mini,000008,eps,0.5,0.15,0.1,0.5,10,42,40.0,15.0,19,25,29.606000900268555,-4.014999866485596,-1.1490000486373901,30.76799964904785,-3.490000009536743,0.1589999943971634,1.1619987487792969,0.5249998569488525,1.3080000430345535,29.81099443784573
kitti_mini,000008,eps,0.5,0.15,0.1,0.5,10,42,40.0,15.0,20,20,27.60099983215332,-3.1679999828338623,-0.5299999713897705,28.02199935913086,-2.059999942779541,0.16300000250339508,0.42099952697753906,1.1080000400543213,0.6929999738931656,27.67776709741556
kitti_mini,000008,eps,0.5,0.15,0.1,0.5,10,42,40.0,15.0,21,17,21.476999282836914,4.2220001220703125,-0.3720000088214874,22.02899932861328,4.504000186920166,0.2770000100135803,0.5520000457763672,0.2820000648498535,0.6490000188350677,21.888051151843992
kitti_mini,000008,eps,0.5,0.15,0.1,0.5,10,42,40.0,15.0,22,31,31.652000427246094,-7.440000057220459,-1.0609999895095825,32.332000732421875,-5.885000228881836,-0.47600001096725464,0.6800003051757812,1.554999828338623,0.5849999785423279,32.194446085316116
kitti_mini,000008,eps,0.5,0.15,0.1,0.5,10,42,40.0,15.0,23,14,5.546000003814697,-10.13700008392334,-0.030249997973442078,6.209000110626221,-9.815500259399414,0.5960000157356262,0.6630001068115234,0.3214998245239258,0.6262500137090683,11.273959436887406
kitti_mini,000008,eps,0.5,0.15,0.1,0.5,10,42,40.0,15.0,24,28,17.944000244140625,0.041999999433755875,-0.9449999928474426,18.878999710083008,0.7670000195503235,-0.1850000023841858,0.9349994659423828,0.7250000201165676,0.7599999904632568,17.944049396991506
kitti_mini,000008,eps,0.5,0.15,0.1,0.5,10,42,40.0,15.0,25,10,27.792999267578125,-13.565999984741211,-1.1710000038146973,28.531999588012695,-13.241000175476074,-0.4429999887943268,0.7390003204345703,0.3249998092651367,0.7280000150203705,30.785952867087868
kitti_mini,000008,eps,0.5,0.15,0.1,0.5,10,42,40.0,15.0,26,11,29.663999557495117,-14.168000221252441,-1.0700000524520874,30.229000091552734,-13.821000099182129,-0.2565000057220459,0.5650005340576172,0.3470001220703125,0.8135000467300415,32.72572250522
kitti_mini,000008,eps,0.5,0.15,0.1,0.5,10,42,40.0,15.0,27,31,3.6480000019073486,-9.66100025177002,-1.2510000467300415,4.23799991607666,-8.394000053405762,-0.590499997138977,0.5899999141693115,1.2670001983642578,0.6605000495910645,9.152439068930859
kitti_mini,000008,eps,0.5,0.15,0.1,0.5,10,42,40.0,15.0,28,14,22.45599937438965,-1.777999997138977,0.7279999852180481,23.167999267578125,-0.9990000128746033,0.9929999709129333,0.7119998931884766,0.7789999842643738,0.26499998569488525,22.47820964686271
kitti_mini,000008,eps,0.5,0.15,0.1,0.5,10,42,40.0,15.0,29,12,38.98899841308594,-9.960000038146973,-1.0959999561309814,39.38199996948242,-9.392000198364258,-0.3569999933242798,0.3930015563964844,0.5679998397827148,0.7389999628067017,40.10425993559402
kitti_mini,000008,eps,0.5,0.15,0.1,0.5,10,42,40.0,15.0,30,9,14.82699966430664,3.9140000343322754,-0.8989999890327454,15.458999633789062,4.448999881744385,-0.8629999756813049,0.6319999694824219,0.5349998474121094,0.03600001335144043,15.334905128956693
kitti_mini,000008,eps,0.5,0.15,0.1,0.5,10,42,40.0,15.0,31,13,34.1879997253418,-2.5889999866485596,0.5590000152587891,34.928001403808594,-1.784000039100647,1.1690000295639038,0.7400016784667969,0.8049999475479126,0.6100000143051147,34.23451447529937
kitti_mini,000008,eps,0.5,0.15,0.1,0.5,10,42,40.0,15.0,32,14,8.42300033569336,-11.423999786376953,-0.5879999995231628,8.98799991607666,-10.858999729156494,0.4189999997615814,0.5649995803833008,0.565000057220459,1.0069999992847443,13.742809384289345
kitti_mini,000008,eps,0.5,0.15,0.1,0.5,10,42,40.0,15.0,33,11,23.520000457763672,-9.07800006866455,-1.3700000047683716,23.849000930786133,-8.809000015258789,-0.6100000143051147,0.32900047302246094,0.2690000534057617,0.7599999904632568,25.11551119929739
kitti_mini,000008,eps,0.8,0.15,0.1,0.8,10,42,40.0,15.0,0,3891,1.0,-14.168000221252441,-1.734642846243722,30.229000091552734,-3.798928533281599,1.0549999475479126,29.229000091552734,10.369071687970843,2.789642793791635,3.928340362160728
kitti_mini,000008,eps,0.8,0.15,0.1,0.8,10,42,40.0,15.0,1,51,14.6850004196167,2.177999973297119,-0.2980000078678131,15.638999938964844,4.1529998779296875,0.7519999742507935,0.9539995193481445,1.9749999046325684,1.0499999821186066,14.84563643660402
kitti_mini,000008,eps,0.8,0.15,0.1,0.8,10,42,40.0,15.0,2,4878,1.003000020980835,1.6050000190734863,-1.5285000205039978,22.02899932861328,13.463000297546387,0.9290000200271606,21.025999307632446,11.8580002784729,2.4575000405311584,1.89262624501338
kitti_mini,000008,eps,0.8,0.15,0.1,0.8,10,42,40.0,15.0,3,691,16.590999603271484,-2.0399999618530273,-0.9449999928474426,24.34950065612793,4.074999809265137,0.9929999709129333,7.758501052856445,6.114999771118164,1.937999963760376,16.590999603271484
kitti_mini,000008,eps,0.8,0.15,0.1,0.8,10,42,40.0,15.0,4,289,12.869499921798706,-2.313999891281128,-1.4559999704360962,16.13800048828125,0.11425000056624413,-0.08799999952316284,3.268500566482544,2.428249891847372,1.3679999709129333,12.869499921798706
kitti_mini,000008,eps,0.8,0.15,0.1,0.8,10,42,40.0,15.0,5,185,4.886000156402588,-4.316499948501587,-1.6620000004768372,7.979000091552734,-2.794000029563904,0.22599999606609344,3.0929999351501465,1.522499918937683,1.8879999965429306,5.6284486045063264
kitti_mini,000008,eps,0.8,0.15,0.1,0.8,10,42,40.0,15.0,6,119,11.432000160217285,-14.218000411987305,-0.9369999766349792,14.720000267028809,-13.152999877929688,0.8870000243186951,3.2880001068115234,1.0650005340576172,1.8240000009536743,17.42676198988287
kitti_mini,000008,eps,0.8,0.15,0.1,0.8,10,42,40.0,15.0,7,22,35.90399932861328,-6.6020002365112305,-1.0180000066757202,38.28200149536133,-5.664999961853027,0.14800000190734863,2.378002166748047,0.9370002746582031,1.1660000085830688,36.3481690371999
kitti_mini,000008,eps,0.8,0.15,0.1,0.8,10,42,40.0,15.0,8,394,6.170000076293945,0.03400000184774399,-1.5010000126702445,9.746999740600586,2.3499999046325684,-0.06533333162466685,3.5769996643066406,2.3159999027848244,1.4356666810455776,6.170093754684197
kitti_mini,000008,eps,0.8,0.15,0.1,0.8,10,42,40.0,15.0,9,97,29.606000900268555,-6.2220001220703125,-1.2239999771118164,35.645999908447266,-3.490000009536743,0.1589999943971634,6.039999008178711,2.7320001125335693,1.3829999715089798,29.81099443784573
kitti_mini,000008,eps,0.8,0.15,0.1,0.8,10,42,40.0,15.0,10,105,18.81800079345703,-8.743000030517578,-1.5486666758855183,19.979000091552734,-7.4054999351501465,-0.23199999332427979,1.1609992980957031,1.3375000953674316,1.3166666825612385,20.222724424568966
kitti_mini,000008,eps,0.8,0.15,0.1,0.8,10,42,40.0,15.0,11,49,31.652000427246094,-7.570000171661377,-1.312000036239624,33.3650016784668,-5.339000225067139,-0.47600001096725464,1.7130012512207031,2.2309999465942383,0.8360000252723694,32.099128562153425
kitti_mini,000008,eps,0.8,0.15,0.1,0.8,10,42,40.0,15.0,12,24,34.165000915527344,-2.944000005722046,0.5529999732971191,35.301998138427734,-1.6169999837875366,1.1770000457763672,1.1369972229003906,1.3270000219345093,0.624000072479248,34.203245116590224
kitti_mini,000008,eps,0.8,0.15,0.1,0.8,10,42,40.0,15.0,13,44,16.246999740600586,8.701000213623047,-0.3019999861717224,16.84000015258789,10.277999877929688,0.7210000157356262,0.5930004119873047,1.5769996643066406,1.0230000019073486,18.430203614950752
kitti_mini,000008,eps,0.8,0.15,0.1,0.8,10,42,40.0,15.0,14,36,27.60099983215332,-3.3359999656677246,-0.5389999747276306,29.326000213623047,-0.6060000061988831,0.29499998688697815,1.7250003814697266,2.7299999594688416,0.8339999616146088,27.60765161584811
kitti_mini,000008,eps,0.8,0.15,0.1,0.8,10,42,40.0,15.0,15,18,28.27750015258789,-5.986000061035156,-1.3480000495910645,30.30900001525879,-4.078500032424927,-1.231000006198883,2.0314998626708984,1.9075000286102295,0.1170000433921814,28.570109859678492
kitti_mini,000008,eps,0.8,0.15,0.1,0.8,10,42,40.0,15.0,16,15,23.520000457763672,-9.369999885559082,-1.3700000047683716,24.410999298095703,-8.809000015258789,-0.33399999141693115,0.8909988403320312,0.560999870300293,1.0360000133514404,25.11551119929739
kitti_mini,000008,eps,0.8,0.15,0.1,0.8,10,42,40.0,15.0,17,16,38.98899841308594,-10.21399974822998,-1.1109999418258667,39.90599822998047,-9.392000198364258,-0.3569999933242798,0.9169998168945312,0.8219995498657227,0.7539999485015869,40.10425993559402
kitti_mini,000008,eps,0.8,0.15,0.1,0.8,10,42,40.0,15.0,18,14,25.909000396728516,-4.873000144958496,-1.3589999675750732,27.187999725341797,-3.556999921798706,-1.2760000228881836,1.2789993286132812,1.31600022315979,0.08299994468688965,26.152027646080416
kitti_mini,000008,distance_threshold,0.05,0.15,0.05,0.5,10,42,40.0,15.0,0,4064,1.0,-12.192000389099121,-1.7993333339691162,24.1299991607666,-2.794000029563904,1.0549999475479126,23.1299991607666,9.398000359535217,2.854333281517029,2.967564011980718
kitti_mini,000008,distance_threshold,0.05,0.15,0.05,0.5,10,42,40.0,15.0,1,3577,1.003000020980835,1.6050000190734863,-1.590000033378601,8.321999549865723,12.836000442504883,0.6814999878406525,7.318999528884888,11.231000423431396,2.2715000212192535,1.89262624501338
kitti_mini,000008,distance_threshold,0.05,0.15,0.05,0.5,10,42,40.0,15.0,2,269,20.582000732421875,-1.4429999589920044,-0.6685000061988831,23.458999633789062,1.609499990940094,0.9679999947547913,2.8769989013671875,3.0524999499320984,1.6365000009536743,20.582000732421875
kitti_mini,000008,distance_threshold,0.05,0.15,0.05,0.5,10,42,40.0,15.0,3,47,14.75,2.3239998817443848,-0.2980000078678131,15.638999938964844,3.9910000562667847,0.7459999918937683,0.8889999389648438,1.6670001745224,1.0439999997615814,14.931961540613072
kitti_mini,000008,distance_threshold,0.05,0.15,0.05,0.5,10,42,40.0,15.0,4,333,17.046500205993652,1.0479999780654907,-0.3959999978542328,19.187999725341797,4.074999809265137,0.8489999771118164,2.1414995193481445,3.026999831199646,1.2449999749660492,17.078684762796193
kitti_mini,000008,distance_threshold,0.05,0.15,0.05,0.5,10,42,40.0,15.0,5,829,7.901000022888184,2.849500060081482,-1.3179999589920044,14.75100040435791,8.791000366210938,0.6435000002384186,6.850000381469727,5.941500306129456,1.961499959230423,8.399134000245708
kitti_mini,000008,distance_threshold,0.05,0.15,0.05,0.5,10,42,40.0,15.0,6,316,12.659000078837076,-2.313999891281128,-1.5269999504089355,16.13800048828125,0.11425000056624413,-0.08799999952316284,3.4790004094441738,2.428249891847372,1.4389999508857727,12.659000078837076
kitti_mini,000008,distance_threshold,0.05,0.15,0.05,0.5,10,42,40.0,15.0,7,410,6.170000076293945,0.03400000184774399,-1.5579999685287476,9.746999740600586,2.3499999046325684,-0.06533333162466685,3.5769996643066406,2.3159999027848244,1.4926666369040806,6.170093754684197
kitti_mini,000008,distance_threshold,0.05,0.15,0.05,0.5,10,42,40.0,15.0,8,114,11.770999908447266,-14.086000442504883,-0.9369999766349792,14.008999824523926,-13.322999954223633,0.8149999976158142,2.23799991607666,0.76300048828125,1.7519999742507935,17.77804169825542
kitti_mini,000008,distance_threshold,0.05,0.15,0.05,0.5,10,42,40.0,15.0,9,297,16.757999420166016,4.303999900817871,-0.7594999969005585,21.003000259399414,5.949999809265137,0.9290000200271606,4.245000839233398,1.6459999084472656,1.6885000169277191,17.301877346476733
kitti_mini,000008,distance_threshold,0.05,0.15,0.05,0.5,10,42,40.0,15.0,10,12,36.78099822998047,-6.177999973297119,-0.7770000100135803,37.31999969482422,-5.813000202178955,0.14800000190734863,0.53900146484375,0.36499977111816406,0.925000011920929,37.23751874312195
kitti_mini,000008,distance_threshold,0.05,0.15,0.05,0.5,10,42,40.0,15.0,11,104,14.943000316619873,5.798999786376953,-0.7429999709129333,16.132999420166016,7.93149995803833,0.47099998593330383,1.1899991035461426,2.132500171661377,1.2139999568462372,16.02877590413259
kitti_mini,000008,distance_threshold,0.05,0.15,0.05,0.5,10,42,40.0,15.0,12,168,3.8574999570846558,-13.023000240325928,-1.2380000352859497,6.1519999504089355,-9.61400032043457,0.24500000476837158,2.29449999332428,3.4089999198913574,1.4830000400543213,10.359020613949184
kitti_mini,000008,distance_threshold,0.05,0.15,0.05,0.5,10,42,40.0,15.0,13,47,8.052666664123535,11.532000064849854,-0.7250000238418579,9.282999992370605,13.182999610900879,0.1394999995827675,1.2303333282470703,1.6509995460510254,0.8645000234246254,14.065292954616462
kitti_mini,000008,distance_threshold,0.05,0.15,0.05,0.5,10,42,40.0,15.0,14,105,18.81800079345703,-8.743000030517578,-1.5486666758855183,19.979000091552734,-7.4054999351501465,-0.23199999332427979,1.1609992980957031,1.3375000953674316,1.3166666825612385,20.222724424568966
kitti_mini,000008,distance_threshold,0.05,0.15,0.05,0.5,10,42,40.0,15.0,15,29,33.29499816894531,-5.245999813079834,-1.121000051498413,34.3120002746582,-4.50600004196167,0.15299999713897705,1.0170021057128906,0.7399997711181641,1.2740000486373901,33.59852585230831
kitti_mini,000008,distance_threshold,0.05,0.15,0.05,0.5,10,42,40.0,15.0,16,43,16.246999740600586,8.701000213623047,-0.3019999861717224,16.84000015258789,10.277999877929688,0.7210000157356262,0.5930004119873047,1.5769996643066406,1.0230000019073486,18.430203614950752
kitti_mini,000008,distance_threshold,0.05,0.15,0.05,0.5,10,42,40.0,15.0,17,25,29.606000900268555,-4.014999866485596,-1.1490000486373901,30.76799964904785,-3.490000009536743,0.1589999943971634,1.1619987487792969,0.5249998569488525,1.3080000430345535,29.81099443784573
kitti_mini,000008,distance_threshold,0.05,0.15,0.05,0.5,10,42,40.0,15.0,18,20,27.60099983215332,-3.1679999828338623,-0.5299999713897705,28.02199935913086,-2.059999942779541,0.16300000250339508,0.42099952697753906,1.1080000400543213,0.6929999738931656,27.67776709741556
kitti_mini,000008,distance_threshold,0.05,0.15,0.05,0.5,10,42,40.0,15.0,19,17,21.476999282836914,4.2220001220703125,-0.3720000088214874,22.02899932861328,4.504000186920166,0.2770000100135803,0.5520000457763672,0.2820000648498535,0.6490000188350677,21.888051151843992
kitti_mini,000008,distance_threshold,0.05,0.15,0.05,0.5,10,42,40.0,15.0,20,31,31.652000427246094,-7.440000057220459,-1.0609999895095825,32.332000732421875,-5.885000228881836,-0.47600001096725464,0.6800003051757812,1.554999828338623,0.5849999785423279,32.194446085316116
kitti_mini,000008,distance_threshold,0.05,0.15,0.05,0.5,10,42,40.0,15.0,21,14,5.546000003814697,-10.13700008392334,-0.030249997973442078,6.209000110626221,-9.815500259399414,0.5960000157356262,0.6630001068115234,0.3214998245239258,0.6262500137090683,11.273959436887406
kitti_mini,000008,distance_threshold,0.05,0.15,0.05,0.5,10,42,40.0,15.0,22,28,17.944000244140625,0.041999999433755875,-0.9449999928474426,18.878999710083008,0.7670000195503235,-0.1850000023841858,0.9349994659423828,0.7250000201165676,0.7599999904632568,17.944049396991506
kitti_mini,000008,distance_threshold,0.05,0.15,0.05,0.5,10,42,40.0,15.0,23,10,27.792999267578125,-13.565999984741211,-1.1710000038146973,28.531999588012695,-13.241000175476074,-0.4429999887943268,0.7390003204345703,0.3249998092651367,0.7280000150203705,30.785952867087868
kitti_mini,000008,distance_threshold,0.05,0.15,0.05,0.5,10,42,40.0,15.0,24,11,29.663999557495117,-14.168000221252441,-1.0700000524520874,30.229000091552734,-13.821000099182129,-0.2565000057220459,0.5650005340576172,0.3470001220703125,0.8135000467300415,32.72572250522
kitti_mini,000008,distance_threshold,0.05,0.15,0.05,0.5,10,42,40.0,15.0,25,31,3.6480000019073486,-9.66100025177002,-1.2510000467300415,4.23799991607666,-8.394000053405762,-0.590499997138977,0.5899999141693115,1.2670001983642578,0.6605000495910645,9.152439068930859
kitti_mini,000008,distance_threshold,0.05,0.15,0.05,0.5,10,42,40.0,15.0,26,14,22.45599937438965,-1.777999997138977,0.7279999852180481,23.167999267578125,-0.9990000128746033,0.9929999709129333,0.7119998931884766,0.7789999842643738,0.26499998569488525,22.47820964686271
kitti_mini,000008,distance_threshold,0.05,0.15,0.05,0.5,10,42,40.0,15.0,27,12,38.98899841308594,-9.960000038146973,-1.0959999561309814,39.38199996948242,-9.392000198364258,-0.3569999933242798,0.3930015563964844,0.5679998397827148,0.7389999628067017,40.10425993559402
kitti_mini,000008,distance_threshold,0.05,0.15,0.05,0.5,10,42,40.0,15.0,28,9,14.82699966430664,3.9140000343322754,-0.8989999890327454,15.458999633789062,4.448999881744385,-0.8629999756813049,0.6319999694824219,0.5349998474121094,0.03600001335144043,15.334905128956693
kitti_mini,000008,distance_threshold,0.05,0.15,0.05,0.5,10,42,40.0,15.0,29,13,34.1879997253418,-2.5889999866485596,0.5590000152587891,34.928001403808594,-1.784000039100647,1.1690000295639038,0.7400016784667969,0.8049999475479126,0.6100000143051147,34.23451447529937
kitti_mini,000008,distance_threshold,0.05,0.15,0.05,0.5,10,42,40.0,15.0,30,14,8.42300033569336,-11.423999786376953,-0.5879999995231628,8.98799991607666,-10.858999729156494,0.4189999997615814,0.5649995803833008,0.565000057220459,1.0069999992847443,13.742809384289345
kitti_mini,000008,distance_threshold,0.05,0.15,0.05,0.5,10,42,40.0,15.0,31,12,23.520000457763672,-9.07800006866455,-1.5444999933242798,23.849000930786133,-8.809000015258789,-0.6100000143051147,0.32900047302246094,0.2690000534057617,0.934499979019165,25.11551119929739
kitti_mini,000008,distance_threshold,0.1,0.15,0.1,0.5,10,42,40.0,15.0,0,3491,1.0,-12.192000389099121,-1.715666691462199,24.1299991607666,-4.1509997844696045,1.0549999475479126,23.1299991607666,8.041000604629517,2.770666639010112,4.26975399884662
kitti_mini,000008,distance_threshold,0.1,0.15,0.1,0.5,10,42,40.0,15.0,1,3082,1.003000020980835,3.9670000076293945,-1.4840000122785568,8.321999549865723,12.836000442504883,0.6814999878406525,7.318999528884888,8.869000434875488,2.1655000001192093,4.091833098089311
kitti_mini,000008,distance_threshold,0.1,0.15,0.1,0.5,10,42,40.0,15.0,2,269,20.582000732421875,-1.4429999589920044,-0.6685000061988831,23.458999633789062,1.609499990940094,0.9679999947547913,2.8769989013671875,3.0524999499320984,1.6365000009536743,20.582000732421875
kitti_mini,000008,distance_threshold,0.1,0.15,0.1,0.5,10,42,40.0,15.0,3,47,14.75,2.3239998817443848,-0.2980000078678131,15.638999938964844,3.9910000562667847,0.7459999918937683,0.8889999389648438,1.6670001745224,1.0439999997615814,14.931961540613072
kitti_mini,000008,distance_threshold,0.1,0.15,0.1,0.5,10,42,40.0,15.0,4,333,17.046500205993652,1.0479999780654907,-0.3959999978542328,19.187999725341797,4.074999809265137,0.8489999771118164,2.1414995193481445,3.026999831199646,1.2449999749660492,17.078684762796193
kitti_mini,000008,distance_threshold,0.1,0.15,0.1,0.5,10,42,40.0,15.0,5,829,7.901000022888184,2.849500060081482,-1.3179999589920044,14.75100040435791,8.791000366210938,0.6435000002384186,6.850000381469727,5.941500306129456,1.961499959230423,8.399134000245708
kitti_mini,000008,distance_threshold,0.1,0.15,0.1,0.5,10,42,40.0,15.0,6,287,12.869499921798706,-2.313999891281128,-1.4559999704360962,16.13800048828125,0.11425000056624413,-0.08799999952316284,3.268500566482544,2.428249891847372,1.3679999709129333,12.869499921798706
kitti_mini,000008,distance_threshold,0.1,0.15,0.1,0.5,10,42,40.0,15.0,7,176,4.886000156402588,-4.082000017166138,-1.6620000004768372,7.979000091552734,-2.794000029563904,-0.36399999260902405,3.0929999351501465,1.2879999876022339,1.298000007867813,5.6284486045063264
kitti_mini,000008,distance_threshold,0.1,0.15,0.1,0.5,10,42,40.0,15.0,8,114,11.770999908447266,-14.086000442504883,-0.9369999766349792,14.008999824523926,-13.322999954223633,0.8149999976158142,2.23799991607666,0.76300048828125,1.7519999742507935,17.77804169825542
kitti_mini,000008,distance_threshold,0.1,0.15,0.1,0.5,10,42,40.0,15.0,9,297,16.757999420166016,4.303999900817871,-0.7594999969005585,21.003000259399414,5.949999809265137,0.9290000200271606,4.245000839233398,1.6459999084472656,1.6885000169277191,17.301877346476733
kitti_mini,000008,distance_threshold,0.1,0.15,0.1,0.5,10,42,40.0,15.0,10,414,2.2320001125335693,1.6050000190734863,-1.5285000205039978,5.322000026702881,3.8399999141693115,-0.10333333412806193,3.0899999141693115,2.234999895095825,1.4251666863759358,2.7491543360778707
kitti_mini,000008,distance_threshold,0.1,0.15,0.1,0.5,10,42,40.0,15.0,11,12,36.78099822998047,-6.177999973297119,-0.7770000100135803,37.31999969482422,-5.813000202178955,0.14800000190734863,0.53900146484375,0.36499977111816406,0.925000011920929,37.23751874312195
kitti_mini,000008,distance_threshold,0.1,0.15,0.1,0.5,10,42,40.0,15.0,12,104,14.943000316619873,5.798999786376953,-0.7429999709129333,16.132999420166016,7.93149995803833,0.47099998593330383,1.1899991035461426,2.132500171661377,1.2139999568462372,16.02877590413259
kitti_mini,000008,distance_threshold,0.1,0.15,0.1,0.5,10,42,40.0,15.0,13,393,6.170000076293945,0.03400000184774399,-1.5010000126702445,9.746999740600586,2.3499999046325684,-0.06533333162466685,3.5769996643066406,2.3159999027848244,1.4356666810455776,6.170093754684197
kitti_mini,000008,distance_threshold,0.1,0.15,0.1,0.5,10,42,40.0,15.0,14,168,3.8574999570846558,-13.023000240325928,-1.2380000352859497,6.1519999504089355,-9.61400032043457,0.24500000476837158,2.29449999332428,3.4089999198913574,1.4830000400543213,10.359020613949184
kitti_mini,000008,distance_threshold,0.1,0.15,0.1,0.5,10,42,40.0,15.0,15,47,8.052666664123535,11.532000064849854,-0.7250000238418579,9.282999992370605,13.182999610900879,0.1394999995827675,1.2303333282470703,1.6509995460510254,0.8645000234246254,14.065292954616462
kitti_mini,000008,distance_threshold,0.1,0.15,0.1,0.5,10,42,40.0,15.0,16,105,18.81800079345703,-8.743000030517578,-1.5486666758855183,19.979000091552734,-7.4054999351501465,-0.23199999332427979,1.1609992980957031,1.3375000953674316,1.3166666825612385,20.222724424568966
kitti_mini,000008,distance_threshold,0.1,0.15,0.1,0.5,10,42,40.0,15.0,17,29,33.29499816894531,-5.245999813079834,-1.121000051498413,34.3120002746582,-4.50600004196167,0.15299999713897705,1.0170021057128906,0.7399997711181641,1.2740000486373901,33.59852585230831
kitti_mini,000008,distance_threshold,0.1,0.15,0.1,0.5,10,42,40.0,15.0,18,43,16.246999740600586,8.701000213623047,-0.3019999861717224,16.84000015258789,10.277999877929688,0.7210000157356262,0.5930004119873047,1.5769996643066406,1.0230000019073486,18.430203614950752
kitti_mini,000008,distance_threshold,0.1,0.15,0.1,0.5,10,42,40.0,15.0,19,25,29.606000900268555,-4.014999866485596,-1.1490000486373901,30.76799964904785,-3.490000009536743,0.1589999943971634,1.1619987487792969,0.5249998569488525,1.3080000430345535,29.81099443784573
kitti_mini,000008,distance_threshold,0.1,0.15,0.1,0.5,10,42,40.0,15.0,20,20,27.60099983215332,-3.1679999828338623,-0.5299999713897705,28.02199935913086,-2.059999942779541,0.16300000250339508,0.42099952697753906,1.1080000400543213,0.6929999738931656,27.67776709741556
kitti_mini,000008,distance_threshold,0.1,0.15,0.1,0.5,10,42,40.0,15.0,21,17,21.476999282836914,4.2220001220703125,-0.3720000088214874,22.02899932861328,4.504000186920166,0.2770000100135803,0.5520000457763672,0.2820000648498535,0.6490000188350677,21.888051151843992
kitti_mini,000008,distance_threshold,0.1,0.15,0.1,0.5,10,42,40.0,15.0,22,31,31.652000427246094,-7.440000057220459,-1.0609999895095825,32.332000732421875,-5.885000228881836,-0.47600001096725464,0.6800003051757812,1.554999828338623,0.5849999785423279,32.194446085316116
kitti_mini,000008,distance_threshold,0.1,0.15,0.1,0.5,10,42,40.0,15.0,23,14,5.546000003814697,-10.13700008392334,-0.030249997973442078,6.209000110626221,-9.815500259399414,0.5960000157356262,0.6630001068115234,0.3214998245239258,0.6262500137090683,11.273959436887406
kitti_mini,000008,distance_threshold,0.1,0.15,0.1,0.5,10,42,40.0,15.0,24,28,17.944000244140625,0.041999999433755875,-0.9449999928474426,18.878999710083008,0.7670000195503235,-0.1850000023841858,0.9349994659423828,0.7250000201165676,0.7599999904632568,17.944049396991506
kitti_mini,000008,distance_threshold,0.1,0.15,0.1,0.5,10,42,40.0,15.0,25,10,27.792999267578125,-13.565999984741211,-1.1710000038146973,28.531999588012695,-13.241000175476074,-0.4429999887943268,0.7390003204345703,0.3249998092651367,0.7280000150203705,30.785952867087868
kitti_mini,000008,distance_threshold,0.1,0.15,0.1,0.5,10,42,40.0,15.0,26,11,29.663999557495117,-14.168000221252441,-1.0700000524520874,30.229000091552734,-13.821000099182129,-0.2565000057220459,0.5650005340576172,0.3470001220703125,0.8135000467300415,32.72572250522
kitti_mini,000008,distance_threshold,0.1,0.15,0.1,0.5,10,42,40.0,15.0,27,31,3.6480000019073486,-9.66100025177002,-1.2510000467300415,4.23799991607666,-8.394000053405762,-0.590499997138977,0.5899999141693115,1.2670001983642578,0.6605000495910645,9.152439068930859
kitti_mini,000008,distance_threshold,0.1,0.15,0.1,0.5,10,42,40.0,15.0,28,14,22.45599937438965,-1.777999997138977,0.7279999852180481,23.167999267578125,-0.9990000128746033,0.9929999709129333,0.7119998931884766,0.7789999842643738,0.26499998569488525,22.47820964686271
kitti_mini,000008,distance_threshold,0.1,0.15,0.1,0.5,10,42,40.0,15.0,29,12,38.98899841308594,-9.960000038146973,-1.0959999561309814,39.38199996948242,-9.392000198364258,-0.3569999933242798,0.3930015563964844,0.5679998397827148,0.7389999628067017,40.10425993559402
kitti_mini,000008,distance_threshold,0.1,0.15,0.1,0.5,10,42,40.0,15.0,30,9,14.82699966430664,3.9140000343322754,-0.8989999890327454,15.458999633789062,4.448999881744385,-0.8629999756813049,0.6319999694824219,0.5349998474121094,0.03600001335144043,15.334905128956693
kitti_mini,000008,distance_threshold,0.1,0.15,0.1,0.5,10,42,40.0,15.0,31,13,34.1879997253418,-2.5889999866485596,0.5590000152587891,34.928001403808594,-1.784000039100647,1.1690000295639038,0.7400016784667969,0.8049999475479126,0.6100000143051147,34.23451447529937
kitti_mini,000008,distance_threshold,0.1,0.15,0.1,0.5,10,42,40.0,15.0,32,14,8.42300033569336,-11.423999786376953,-0.5879999995231628,8.98799991607666,-10.858999729156494,0.4189999997615814,0.5649995803833008,0.565000057220459,1.0069999992847443,13.742809384289345
kitti_mini,000008,distance_threshold,0.1,0.15,0.1,0.5,10,42,40.0,15.0,33,11,23.520000457763672,-9.07800006866455,-1.3700000047683716,23.849000930786133,-8.809000015258789,-0.6100000143051147,0.32900047302246094,0.2690000534057617,0.7599999904632568,25.11551119929739
kitti_mini,000008,distance_threshold,0.3,0.15,0.3,0.5,10,42,40.0,15.0,0,3440,1.0,-12.192000389099121,-1.659599983692169,24.1299991607666,-4.1509997844696045,1.0549999475479126,23.1299991607666,8.041000604629517,2.7145999312400817,4.26975399884662
kitti_mini,000008,distance_threshold,0.3,0.15,0.3,0.5,10,42,40.0,15.0,1,745,5.050000190734863,3.992000102996826,-0.7611666818459829,8.321999549865723,8.81974983215332,0.5585000216960907,3.2719993591308594,4.827749729156494,1.3196667035420737,6.437279452435542
kitti_mini,000008,distance_threshold,0.3,0.15,0.3,0.5,10,42,40.0,15.0,2,269,20.582000732421875,-1.4429999589920044,-0.6685000061988831,23.458999633789062,1.609499990940094,0.9679999947547913,2.8769989013671875,3.0524999499320984,1.6365000009536743,20.582000732421875
kitti_mini,000008,distance_threshold,0.3,0.15,0.3,0.5,10,42,40.0,15.0,3,47,14.75,2.3239998817443848,-0.2980000078678131,15.638999938964844,3.9910000562667847,0.7459999918937683,0.8889999389648438,1.6670001745224,1.0439999997615814,14.931961540613072
kitti_mini,000008,distance_threshold,0.3,0.15,0.3,0.5,10,42,40.0,15.0,4,333,17.046500205993652,1.0479999780654907,-0.3959999978542328,19.187999725341797,4.074999809265137,0.8489999771118164,2.1414995193481445,3.026999831199646,1.2449999749660492,17.078684762796193
kitti_mini,000008,distance_threshold,0.3,0.15,0.3,0.5,10,42,40.0,15.0,5,225,12.869499921798706,-2.313999891281128,-1.1349999904632568,16.13800048828125,0.11425000056624413,-0.08799999952316284,3.268500566482544,2.428249891847372,1.046999990940094,12.869499921798706
kitti_mini,000008,distance_threshold,0.3,0.15,0.3,0.5,10,42,40.0,15.0,6,393,7.901000022888184,2.849500060081482,-0.9300000071525574,11.065500259399414,6.751999855041504,0.6435000002384186,3.1645002365112305,3.902499794960022,1.573500007390976,8.399134000245708
kitti_mini,000008,distance_threshold,0.3,0.15,0.3,0.5,10,42,40.0,15.0,7,577,1.0305000245571136,5.208999951680501,-0.949399999777476,4.139333407084147,7.598999977111816,0.46000000834465027,3.108833382527034,2.3900000254313154,1.4094000081221263,5.309953935508261
kitti_mini,000008,distance_threshold,0.3,0.15,0.3,0.5,10,42,40.0,15.0,8,114,11.770999908447266,-14.086000442504883,-0.9369999766349792,14.008999824523926,-13.322999954223633,0.8149999976158142,2.23799991607666,0.76300048828125,1.7519999742507935,17.77804169825542
kitti_mini,000008,distance_threshold,0.3,0.15,0.3,0.5,10,42,40.0,15.0,9,315,1.0110000371932983,8.25,-0.7919999957084656,2.75600004196167,12.836000442504883,0.6480000019073486,1.7450000047683716,4.586000442504883,1.4399999976158142,8.311715892353687
kitti_mini,000008,distance_threshold,0.3,0.15,0.3,0.5,10,42,40.0,15.0,10,465,4.986999988555908,9.147000312805176,-0.5825000107288361,7.88100004196167,12.699000358581543,0.6814999878406525,2.8940000534057617,3.552000045776367,1.2639999985694885,10.418146841368412
kitti_mini,000008,distance_threshold,0.3,0.15,0.3,0.5,10,42,40.0,15.0,11,256,16.769500732421875,4.303999900817871,-0.5559999942779541,21.003000259399414,5.919000148773193,0.9290000200271606,4.233499526977539,1.6150002479553223,1.4850000143051147,17.31301735576263
kitti_mini,000008,distance_threshold,0.3,0.15,0.3,0.5,10,42,40.0,15.0,12,315,2.2320001125335693,1.612666646639506,-1.1323333183924358,5.322000026702881,3.8399999141693115,-0.10333333412806193,3.0899999141693115,2.227333267529805,1.0289999842643738,2.753637270145321
kitti_mini,000008,distance_threshold,0.3,0.15,0.3,0.5,10,42,40.0,15.0,13,12,36.78099822998047,-6.177999973297119,-0.7770000100135803,37.31999969482422,-5.813000202178955,0.14800000190734863,0.53900146484375,0.36499977111816406,0.925000011920929,37.23751874312195
kitti_mini,000008,distance_threshold,0.3,0.15,0.3,0.5,10,42,40.0,15.0,14,91,15.452000141143799,6.117000102996826,-0.5430000126361847,16.132999420166016,7.93149995803833,0.47099998593330383,0.6809992790222168,1.814499855041504,1.0139999985694885,16.618724337986087
kitti_mini,000008,distance_threshold,0.3,0.15,0.3,0.5,10,42,40.0,15.0,15,73,12.455999851226807,3.8469998836517334,-0.7059999704360962,14.045000076293945,5.178999900817871,0.5995000004768372,1.5890002250671387,1.3320000171661377,1.3054999709129333,13.036538666324688
kitti_mini,000008,distance_threshold,0.3,0.15,0.3,0.5,10,42,40.0,15.0,16,86,12.770000457763672,6.307000160217285,-0.6069999933242798,14.75100040435791,8.791000366210938,-0.21199999749660492,1.9809999465942383,2.4840002059936523,0.39499999582767487,14.242582726186471
kitti_mini,000008,distance_threshold,0.3,0.15,0.3,0.5,10,42,40.0,15.0,17,168,3.8574999570846558,-13.023000240325928,-1.2380000352859497,6.1519999504089355,-9.61400032043457,0.24500000476837158,2.29449999332428,3.4089999198913574,1.4830000400543213,10.359020613949184
kitti_mini,000008,distance_threshold,0.3,0.15,0.3,0.5,10,42,40.0,15.0,18,131,4.886000156402588,-4.043999989827474,-1.472000002861023,6.802999973297119,-2.796999931335449,-0.36399999260902405,1.9169998168945312,1.2470000584920244,1.108000010251999,5.629938378371172
kitti_mini,000008,distance_threshold,0.3,0.15,0.3,0.5,10,42,40.0,15.0,19,18,8.052666664123535,11.532000064849854,-0.36800000071525574,9.020999908447266,12.281500339508057,0.1394999995827675,0.9683332443237305,0.7495002746582031,0.5075000002980232,14.065292954616462
kitti_mini,000008,distance_threshold,0.3,0.15,0.3,0.5,10,42,40.0,15.0,20,94,18.81800079345703,-8.743000030517578,-1.465999960899353,19.979000091552734,-7.4054999351501465,-0.23199999332427979,1.1609992980957031,1.3375000953674316,1.2339999675750732,20.222724424568966
kitti_mini,000008,distance_threshold,0.3,0.15,0.3,0.5,10,42,40.0,15.0,21,23,33.29499816894531,-5.245999813079834,-0.699999988079071,34.3120002746582,-4.50600004196167,0.15299999713897705,1.0170021057128906,0.7399997711181641,0.8529999852180481,33.59852585230831
kitti_mini,000008,distance_threshold,0.3,0.15,0.3,0.5,10,42,40.0,15.0,22,305,6.317999839782715,0.03400000184774399,-1.1519999504089355,9.746999740600586,2.3499999046325684,-0.06533333162466685,3.428999900817871,2.3159999027848244,1.0866666187842686,6.318091323779679
kitti_mini,000008,distance_threshold,0.3,0.15,0.3,0.5,10,42,40.0,15.0,23,43,16.246999740600586,8.701000213623047,-0.3019999861717224,16.84000015258789,10.277999877929688,0.7210000157356262,0.5930004119873047,1.5769996643066406,1.0230000019073486,18.430203614950752
kitti_mini,000008,distance_threshold,0.3,0.15,0.3,0.5,10,42,40.0,15.0,24,19,29.756999969482422,-4.014999866485596,-0.7620000243186951,30.76799964904785,-3.490000009536743,0.1589999943971634,1.0109996795654297,0.5249998569488525,0.9210000187158585,29.96096038598134
kitti_mini,000008,distance_threshold,0.3,0.15,0.3,0.5,10,42,40.0,15.0,25,20,27.60099983215332,-3.1679999828338623,-0.5299999713897705,28.02199935913086,-2.059999942779541,0.16300000250339508,0.42099952697753906,1.1080000400543213,0.6929999738931656,27.67776709741556
kitti_mini,000008,distance_threshold,0.3,0.15,0.3,0.5,10,42,40.0,15.0,26,17,21.476999282836914,4.2220001220703125,-0.3720000088214874,22.02899932861328,4.504000186920166,0.2770000100135803,0.5520000457763672,0.2820000648498535,0.6490000188350677,21.888051151843992
kitti_mini,000008,distance_threshold,0.3,0.15,0.3,0.5,10,42,40.0,15.0,27,29,31.652000427246094,-7.440000057220459,-1.0609999895095825,32.332000732421875,-5.885000228881836,-0.47600001096725464,0.6800003051757812,1.554999828338623,0.5849999785423279,32.194446085316116
kitti_mini,000008,distance_threshold,0.3,0.15,0.3,0.5,10,42,40.0,15.0,28,14,5.546000003814697,-10.13700008392334,-0.030249997973442078,6.209000110626221,-9.815500259399414,0.5960000157356262,0.6630001068115234,0.3214998245239258,0.6262500137090683,11.273959436887406
kitti_mini,000008,distance_threshold,0.3,0.15,0.3,0.5,10,42,40.0,15.0,29,26,17.944000244140625,0.041999999433755875,-0.806333323319753,18.878999710083008,0.7670000195503235,-0.1850000023841858,0.9349994659423828,0.7250000201165676,0.6213333209355673,17.944049396991506
kitti_mini,000008,distance_threshold,0.3,0.15,0.3,0.5,10,42,40.0,15.0,30,10,27.792999267578125,-13.565999984741211,-1.1710000038146973,28.531999588012695,-13.241000175476074,-0.4429999887943268,0.7390003204345703,0.3249998092651367,0.7280000150203705,30.785952867087868
kitti_mini,000008,distance_threshold,0.3,0.15,0.3,0.5,10,42,40.0,15.0,31,11,29.663999557495117,-14.168000221252441,-1.0700000524520874,30.229000091552734,-13.821000099182129,-0.2565000057220459,0.5650005340576172,0.3470001220703125,0.8135000467300415,32.72572250522
kitti_mini,000008,distance_threshold,0.3,0.15,0.3,0.5,10,42,40.0,15.0,32,31,3.6480000019073486,-9.66100025177002,-1.2510000467300415,4.23799991607666,-8.394000053405762,-0.590499997138977,0.5899999141693115,1.2670001983642578,0.6605000495910645,9.152439068930859
kitti_mini,000008,distance_threshold,0.3,0.15,0.3,0.5,10,42,40.0,15.0,33,14,22.45599937438965,-1.777999997138977,0.7279999852180481,23.167999267578125,-0.9990000128746033,0.9929999709129333,0.7119998931884766,0.7789999842643738,0.26499998569488525,22.47820964686271
kitti_mini,000008,distance_threshold,0.3,0.15,0.3,0.5,10,42,40.0,15.0,34,11,38.98899841308594,-9.960000038146973,-0.847000002861023,39.380001068115234,-9.392000198364258,-0.3569999933242798,0.3910026550292969,0.5679998397827148,0.49000000953674316,40.10425993559402
kitti_mini,000008,distance_threshold,0.3,0.15,0.3,0.5,10,42,40.0,15.0,35,13,34.1879997253418,-2.5889999866485596,0.5590000152587891,34.928001403808594,-1.784000039100647,1.1690000295639038,0.7400016784667969,0.8049999475479126,0.6100000143051147,34.23451447529937
kitti_mini,000008,distance_threshold,0.3,0.15,0.3,0.5,10,42,40.0,15.0,36,14,8.42300033569336,-11.423999786376953,-0.5879999995231628,8.98799991607666,-10.858999729156494,0.4189999997615814,0.5649995803833008,0.565000057220459,1.0069999992847443,13.742809384289345
kitti_mini,000008,distance_threshold,0.3,0.15,0.3,0.5,10,42,40.0,15.0,37,10,23.520000457763672,-9.07800006866455,-1.3589999675750732,23.797499656677246,-8.850000381469727,-0.6100000143051147,0.2774991989135742,0.22799968719482422,0.7489999532699585,25.12992097650165
kitti_mini,000008,distance_threshold,0.3,0.15,0.3,0.5,10,42,40.0,15.0,38,16,6.829999923706055,-3.562999963760376,-1.4129999876022339,7.910999774932861,-3.242000102996826,-0.5009999871253967,1.0809998512268066,0.3209998607635498,0.9120000004768372,7.560387795983494
kitti_mini,000011,eps,0.3,0.15,0.1,0.3,10,42,40.0,15.0,0,318,22.68199920654297,-8.947999954223633,-1.024999976158142,23.516000747680664,-6.108000040054321,1.0490000247955322,0.8340015411376953,2.8399999141693115,2.0740000009536743,23.490013888776637
kitti_mini,000011,eps,0.3,0.15,0.1,0.3,10,42,40.0,15.0,1,1046,8.291000366210938,8.462999820709229,-1.698749989271164,16.98200035095215,10.123000144958496,0.8550000190734863,8.690999984741211,1.6600003242492676,2.5537500083446503,11.847491423834597
kitti_mini,000011,eps,0.3,0.15,0.1,0.3,10,42,40.0,15.0,2,164,20.288999557495117,8.847000122070312,-1.468000054359436,22.481000900268555,9.727999687194824,1.0169999599456787,2.1920013427734375,0.8809995651245117,2.4850000143051147,22.133976466146997
kitti_mini,000011,eps,0.3,0.15,0.1,0.3,10,42,40.0,15.0,3,1086,1.0273999929428101,8.841800117492676,-1.8515833417574565,8.28600025177002,9.90666675567627,0.6119999885559082,7.25860025882721,1.0648666381835934,2.463583330313365,8.90129092116376
kitti_mini,000011,eps,0.3,0.15,0.1,0.3,10,42,40.0,15.0,4,436,2.5453333059946694,4.269000053405762,-1.677277770307329,6.273200130462646,5.864333311716716,-0.37400001287460327,3.7278668244679767,1.595333258310954,1.3032777574327257,4.970219622369232
kitti_mini,000011,eps,0.3,0.15,0.1,0.3,10,42,40.0,15.0,5,54,25.60300064086914,9.038000106811523,-1.4989999532699585,26.402999877929688,9.572999954223633,0.2939999997615814,0.7999992370605469,0.5349998474121094,1.79299995303154,27.15141041911213
kitti_mini,000011,eps,0.3,0.15,0.1,0.3,10,42,40.0,15.0,6,48,23.207000732421875,9.147000312805176,0.16699999570846558,24.101999282836914,9.741999626159668,1.0750000476837158,0.8949985504150391,0.5949993133544922,0.9080000519752502,24.94458854575652
kitti_mini,000011,eps,0.3,0.15,0.1,0.3,10,42,40.0,15.0,7,70,12.303000450134277,-5.351500034332275,-1.215000033378601,13.09000015258789,-4.658999919891357,0.34599998593330383,0.7869997024536133,0.692500114440918,1.561000019311905,13.155610982753782
kitti_mini,000011,eps,0.3,0.15,0.1,0.3,10,42,40.0,15.0,8,33,7.947000026702881,-8.708000183105469,-0.800000011920929,8.67199993133545,-7.769000053405762,-0.4490000009536743,0.7249999046325684,0.939000129699707,0.35100001096725464,11.113602982572047
kitti_mini,000011,eps,0.3,0.15,0.1,0.3,10,42,40.0,15.0,9,768,1.003999948501587,-6.947000026702881,-1.4182222286860149,7.1822000503540036,-4.806444485982259,0.47099998593330383,6.178200101852417,2.140555540720622,1.8892222146193187,4.910185790112269
kitti_mini,000011,eps,0.3,0.15,0.1,0.3,10,42,40.0,15.0,10,19,10.397000312805176,11.101999759674072,-0.12200000137090683,10.656000137329102,11.535999615987143,0.36399999260902405,0.2589998245239258,0.43399985631307025,0.4859999939799309,15.210260161097642
kitti_mini,000011,eps,0.3,0.15,0.1,0.3,10,42,40.0,15.0,11,246,17.176000595092773,8.963000297546387,-1.5520000060399373,20.00200080871582,9.543999671936035,0.9449999928474426,2.826000213623047,0.5809993743896484,2.4969999988873797,19.373961153477207
kitti_mini,000011,eps,0.3,0.15,0.1,0.3,10,42,40.0,15.0,12,10,36.77199935913086,9.177000045776367,-0.0949999988079071,37.042999267578125,9.529999732971191,0.3269999921321869,0.2709999084472656,0.3529996871948242,0.421999990940094,37.89983201424644
kitti_mini,000011,eps,0.3,0.15,0.1,0.3,10,42,40.0,15.0,13,57,25.01300048828125,4.190999984741211,-1.38100004196167,25.819000244140625,5.554999828338623,-0.625,0.805999755859375,1.363999843597412,0.7560000419616699,25.36167727692431
kitti_mini,000011,eps,0.3,0.15,0.1,0.3,10,42,40.0,15.0,14,23,25.514999389648438,9.23799991607666,0.4855000078678131,26.106000900268555,9.562000274658203,1.1449999809265137,0.5910015106201172,0.32400035858154297,0.6594999730587006,27.135877290096822
kitti_mini,000011,eps,0.3,0.15,0.1,0.3,10,42,40.0,15.0,15,30,22.354000091552734,-9.819999694824219,-0.1379999965429306,22.611000061035156,-9.20199966430664,0.5799999833106995,0.2569999694824219,0.6180000305175781,0.7179999798536301,24.173913996600533
kitti_mini,000011,eps,0.3,0.15,0.1,0.3,10,42,40.0,15.0,16,16,38.013999938964844,5.400000095367432,1.0850000381469727,38.2859992980957,6.013000011444092,1.5169999599456787,0.2719993591308594,0.6129999160766602,0.43199992179870605,38.39562725610284
kitti_mini,000011,eps,0.3,0.15,0.1,0.3,10,42,40.0,15.0,17,10,29.85300064086914,9.326000213623047,0.9240000247955322,30.187999725341797,9.706000328063965,1.2760000228881836,0.33499908447265625,0.38000011444091797,0.35199999809265137,31.275804182278517
kitti_mini,000011,eps,0.3,0.15,0.1,0.3,10,42,40.0,15.0,18,10,33.2130012512207,9.331000328063965,-0.5239999890327454,33.59400177001953,9.66100025177002,-0.06599999964237213,0.3810005187988281,0.3299999237060547,0.45799998939037323,34.49885533225585
kitti_mini,000011,eps,0.3,0.15,0.1,0.3,10,42,40.0,15.0,19,23,5.203999996185303,5.26200008392334,-1.2096666892369587,5.875999927520752,5.843000094095866,-0.7535000145435333,0.6719999313354492,0.5810000101725263,0.4561666746934254,7.400693267762546
kitti_mini,000011,eps,0.3,0.15,0.1,0.3,10,42,40.0,15.0,20,11,23.38800048828125,9.119000434875488,-0.6060000061988831,23.87700080871582,9.22700023651123,-0.14800000190734863,0.4890003204345703,0.10799980163574219,0.4580000042915344,25.10288301711784
kitti_mini,000011,eps,0.3,0.15,0.1,0.3,10,42,40.0,15.0,21,17,6.077000141143799,-14.725000381469727,-0.3089999854564667,6.738500118255615,-14.531999588012695,0.25699999928474426,0.6614999771118164,0.19300079345703125,0.5659999847412109,15.751474303742583
kitti_mini,000011,eps,0.3,0.15,0.1,0.3,10,42,40.0,15.0,22,37,6.273000001907349,-13.782999992370605,-0.699999988079071,6.693999767303467,-12.434000015258789,-0.16849999874830246,0.42099976539611816,1.3489999771118164,0.5314999893307686,13.926768663382944
kitti_mini,000011,eps,0.3,0.15,0.1,0.3,10,42,40.0,15.0,23,15,6.624000072479248,-2.5369999408721924,-1.3355000019073486,7.0329999923706055,-2.384999990463257,-0.5996999979019165,0.4089999198913574,0.15199995040893555,0.7358000040054321,7.040284221160025
kitti_mini,000011,eps,0.3,0.15,0.1,0.3,10,42,40.0,15.0,24,10,33.33700180053711,9.329999923706055,0.3160000145435333,33.55500030517578,9.58899974822998,0.7369999885559082,0.21799850463867188,0.2589998245239258,0.4209999740123749,34.617980698263864
kitti_mini,000011,eps,0.3,0.15,0.1,0.3,10,42,40.0,15.0,25,110,1.2013999700546265,-3.533749997615814,-1.4664999842643738,2.6410000324249268,-2.078000068664551,-0.44449999928474426,1.4396000623703002,1.4557499289512634,1.0219999849796295,2.4003012672198327
kitti_mini,000011,eps,0.3,0.15,0.1,0.3,10,42,40.0,15.0,26,17,5.069499969482422,-2.5360000133514404,-1.3692499995231628,5.459000110626221,-2.4070000648498535,-0.6410000085830688,0.38950014114379883,0.12899994850158691,0.728249990940094,5.611905135760001
kitti_mini,000011,eps,0.3,0.15,0.1,0.3,10,42,40.0,15.0,27,42,16.059999465942383,7.686499834060669,-1.5323333342870076,16.4950008392334,8.25,-0.33019999861717225,0.4350013732910156,0.563500165939331,1.2021333356698354,17.804658450671955
kitti_mini,000011,eps,0.3,0.15,0.1,0.3,10,42,40.0,15.0,28,21,20.038000106811523,9.100000381469727,-0.7789999842643738,20.67300033569336,9.32800006866455,0.03099999949336052,0.6350002288818359,0.22799968719482422,0.8099999837577343,22.007531783989947
kitti_mini,000011,eps,0.3,0.15,0.1,0.3,10,42,40.0,15.0,29,24,27.201000213623047,9.293000221252441,0.2980000078678131,27.702999114990234,9.72700023651123,1.1910000443458557,0.5019989013671875,0.43400001525878906,0.8930000364780426,28.744638904215147
kitti_mini,000011,eps,0.3,0.15,0.1,0.3,10,42,40.0,15.0,30,18,22.496000289916992,9.177000045776367,-0.5950000286102295,23.304000854492188,9.253000259399414,-0.13500000536441803,0.8080005645751953,0.07600021362304688,0.46000002324581146,24.29583007193055
kitti_mini,000011,eps,0.3,0.15,0.1,0.3,10,42,40.0,15.0,31,13,6.175000190734863,-14.671833197275797,-0.7123333414395651,6.870000123977661,-14.404000282287598,-0.4100000063578288,0.6949999332427979,0.2678329149881993,0.30233333508173627,15.671817108673672
kitti_mini,000011,eps,0.3,0.15,0.1,0.3,10,42,40.0,15.0,32,14,1.6030000448226929,-13.342000007629395,-0.5379999876022339,1.7869999408721924,-12.554500102996826,-0.2199999988079071,0.1839998960494995,0.7874999046325684,0.3179999887943268,12.656424533802936
kitti_mini,000011,eps,0.3,0.15,0.1,0.3,10,42,40.0,15.0,33,17,1.0303333202997844,-3.7163333098093667,-1.0080000162124634,1.3026666641235352,-3.3350000381469727,-0.6639999747276306,0.27233334382375074,0.38133327166239406,0.34400004148483276,3.490531765413443
kitti_mini,000011,eps,0.3,0.15,0.1,0.3,10,42,40.0,15.0,34,14,6.265000025431315,-12.128999710083008,-0.4000000059604645,6.607999801635742,-11.470000267028809,-0.22033333281675974,0.3429997762044268,0.6589994430541992,0.17966667314370474,13.069473265755407
kitti_mini,000011,eps,0.3,0.15,0.1,0.3,10,42,40.0,15.0,35,10,26.66200065612793,-6.271999835968018,0.8330000042915344,27.094999313354492,-5.960999965667725,1.1440000534057617,0.4329986572265625,0.31099987030029297,0.3110000491142273,27.320245232758374
kitti_mini,000011,eps,0.3,0.15,0.1,0.3,10,42,40.0,15.0,36,15,22.948999404907227,-9.913999557495117,0.7760000228881836,23.368000030517578,-9.342000007629395,1.065999984741211,0.41900062561035156,0.5719995498657227,0.28999996185302734,24.777601535035224
kitti_mini,000011,eps,0.3,0.15,0.1,0.3,10,42,40.0,15.0,37,40,26.452999114990234,-6.3979997634887695,-0.843500018119812,27.13599967956543,-5.60699987411499,0.164000004529953,0.6830005645751953,0.7909998893737793,1.007500022649765,27.040702834172038
kitti_mini,000011,eps,0.3,0.15,0.1,0.3,10,42,40.0,15.0,38,10,6.5674285888671875,-6.9720001220703125,-0.609000027179718,6.85699987411499,-6.620999972025554,-0.5088000059127807,0.28957128524780273,0.3510001500447588,0.10020002126693728,9.325704203942587
kitti_mini,000011,eps,0.3,0.15,0.1,0.3,10,42,40.0,15.0,39,19,2.930000066757202,-7.322333256403605,-0.5056000053882599,3.6760001182556152,-7.013749957084656,-0.3709999918937683,0.7460000514984131,0.3085832993189497,0.13460001349449158,7.601157073216039
kitti_mini,000011,eps,0.3,0.15,0.1,0.3,10,42,40.0,15.0,40,18,31.208999633789062,-4.13100004196167,-1.0099999904632568,31.469999313354492,-3.681999921798706,-0.23600000143051147,0.2609996795654297,0.44900012016296387,0.7739999890327454,31.425447993083115
kitti_mini,000011,eps,0.3,0.15,0.1,0.3,10,42,40.0,15.0,41,15,4.789333343505859,-8.372833569844564,-0.5127500146627426,5.053999900817871,-8.1419997215271,0.07149999961256981,0.2646665573120117,0.23083384831746478,0.5842500142753124,9.446156538008694
kitti_mini,000011,eps,0.3,0.15,0.1,0.3,10,42,40.0,15.0,42,10,25.483999252319336,-6.423999786376953,-0.9789999723434448,26.06399917602539,-6.249000072479248,-0.6420000195503235,0.5799999237060547,0.17499971389770508,0.33699995279312134,26.238982827046822
kitti_mini,000011,eps,0.3,0.15,0.1,0.3,10,42,40.0,15.0,43,10,29.89900016784668,9.282999992370605,0.3059999942779541,30.232999801635742,9.645999908447266,0.6869999766349792,0.3339996337890625,0.36299991607666016,0.38099998235702515,31.306936929301283
kitti_mini,000011,eps,0.3,0.15,0.1,0.3,10,42,40.0,15.0,44,11,29.35700035095215,-4.504000186920166,-0.7540000081062317,29.690000534057617,-4.1620001792907715,-0.4169999957084656,0.33300018310546875,0.34200000762939453,0.3370000123977661,29.65056011440966
kitti_mini,000011,eps,0.3,0.15,0.1,0.3,10,42,40.0,15.0,45,11,20.540000915527344,-8.182000160217285,0.1720000058412552,20.76300048828125,-7.993000030517578,0.7134999930858612,0.22299957275390625,0.18900012969970703,0.541499987244606,22.04041032053891
kitti_mini,000011,eps,0.3,0.15,0.1,0.3,10,42,40.0,15.0,46,12,7.473999977111816,11.319000244140625,0.1850000023841858,7.923999786376953,11.71500015258789,0.25099998712539673,0.4499998092651367,0.3959999084472656,0.06599998474121094,13.563939036457034
kitti_mini,000011,eps,0.3,0.15,0.1,0.3,10,42,40.0,15.0,47,12,6.735000133514404,-7.360000133514404,-1.3025000095367432,7.169000148773193,-6.868249893188477,-1.25,0.43400001525878906,0.49175024032592773,0.052500009536743164,9.61941180081831
kitti_mini,000011,eps,0.3,0.15,0.1,0.3,10,42,40.0,15.0,48,12,4.670000076293945,5.2129998207092285,-1.062000036239624,4.859000205993652,5.686000108718872,-0.684333324432373,0.18900012969970703,0.47300028800964355,0.377666711807251,6.9988761843098715
kitti_mini,000011,eps,0.3,0.15,0.1,0.3,10,42,40.0,15.0,49,11,18.57900047302246,8.48900032043457,-1.5609999895095825,18.832000732421875,8.814000129699707,-0.9620000123977661,0.25300025939941406,0.3249998092651367,0.5989999771118164,20.426511817168077
kitti_mini,000011,eps,0.3,0.15,0.1,0.3,10,42,40.0,15.0,50,15,7.650000095367432,10.21649980545044,-0.3203333218892415,7.891999959945679,10.6850004196167,0.24799999594688416,0.24199986457824707,0.46850061416625977,0.5683333178361256,12.763203740984885
kitti_mini,000011,eps,0.3,0.15,0.1,0.3,10,42,40.0,15.0,51,14,18.97000026702881,8.666000366210938,-1.6119999885559082,19.402000427246094,8.996999740600586,-1.1069999933242798,0.43200016021728516,0.33099937438964844,0.5049999952316284,20.855705993282537
kitti_mini,000011,eps,0.3,0.15,0.1,0.3,10,42,40.0,15.0,52,7,26.530000686645508,-6.4070000648498535,-1.0230000019073486,26.886999130249023,-6.0920000076293945,-0.8539999723434448,0.3569984436035156,0.315000057220459,0.1690000295639038,27.22045922695588
kitti_mini,000011,eps,0.3,0.15,0.1,0.3,10,42,40.0,15.0,53,12,10.826000213623047,-3.903499960899353,-1.003000020980835,11.149999618530273,-3.805000066757202,-0.4504999965429306,0.32399940490722656,0.09849989414215088,0.5525000244379044,11.475203969140965
kitti_mini,000011,eps,0.3,0.15,0.1,0.3,10,42,40.0,15.0,54,10,26.9950008392334,8.85099983215332,-1.2430000305175781,27.395999908447266,9.270000457763672,-0.8949999809265137,0.4009990692138672,0.41900062561035156,0.34800004959106445,28.4089821771036
kitti_mini,000011,eps,0.3,0.15,0.1,0.3,10,42,40.0,15.0,55,11,12.180000305175781,-6.385999917984009,-0.9120000004768372,12.65399980545044,-6.189000129699707,-0.4099999964237213,0.4739995002746582,0.19699978828430176,0.5020000040531158,13.662215414767296
kitti_mini,000011,eps,0.3,0.15,0.1,0.3,10,42,40.0,15.0,56,8,1.021999994913737,-2.846000075340271,-0.4819999933242798,1.3639999628067017,-2.434666713078817,-0.32474999874830246,0.3419999678929646,0.4113333622614541,0.15724999457597733,2.6404707901012063
kitti_mini,000011,eps,0.5,0.15,0.1,0.5,10,42,40.0,15.0,0,573,22.354000091552734,-10.188499927520752,-1.0885000228881836,28.083999633789062,-5.438000202178955,1.1660000085830688,5.729999542236328,4.750499725341797,2.2545000314712524,23.005937631229855
kitti_mini,000011,eps,0.5,0.15,0.1,0.5,10,42,40.0,15.0,1,16,38.013999938964844,5.400000095367432,1.0850000381469727,38.2859992980957,6.013000011444092,1.5169999599456787,0.2719993591308594,0.6129999160766602,0.43199992179870605,38.39562725610284
kitti_mini,000011,eps,0.5,0.15,0.1,0.5,10,42,40.0,15.0,2,2844,1.0273999929428101,8.244999885559082,-1.8515833417574565,24.764999389648438,10.687000274658203,1.093999981880188,23.737599396705626,2.442000389099121,2.9455833236376447,8.30876488163964
kitti_mini,000011,eps,0.5,0.15,0.1,0.5,10,42,40.0,15.0,3,379,25.018999099731445,8.581000328063965,-1.5160000324249268,32.18299865722656,9.72700023651123,1.3380000591278076,7.163999557495117,1.1459999084472656,2.8540000915527344,26.449648061601817
kitti_mini,000011,eps,0.5,0.15,0.1,0.5,10,42,40.0,15.0,4,106,33.11199951171875,8.934000015258789,-1.3940000534057617,35.43600082397461,9.66100025177002,1.444000005722046,2.3240013122558594,0.7270002365112305,2.8380000591278076,34.29607656768784
kitti_mini,000011,eps,0.5,0.15,0.1,0.5,10,42,40.0,15.0,5,488,2.5453333059946694,4.269000053405762,-1.677277770307329,6.273200130462646,5.864333311716716,-0.37400001287460327,3.7278668244679767,1.595333258310954,1.3032777574327257,4.970219622369232
kitti_mini,000011,eps,0.5,0.15,0.1,0.5,10,42,40.0,15.0,6,83,11.71500015258789,-5.540999889373779,-1.2660000324249268,13.321000099182129,-4.658999919891357,0.34599998593330383,1.6059999465942383,0.8819999694824219,1.6120000183582306,12.607438630771993
kitti_mini,000011,eps,0.5,0.15,0.1,0.5,10,42,40.0,15.0,7,45,36.393001556396484,9.017999649047852,-1.0130000114440918,37.57400131225586,9.581000328063965,1.5110000371932983,1.180999755859375,0.5630006790161133,2.52400004863739,37.49366453087914
kitti_mini,000011,eps,0.5,0.15,0.1,0.5,10,42,40.0,15.0,8,44,16.059999465942383,7.686499834060669,-1.6014999747276306,16.621000289916992,8.25,-0.33019999861717225,0.5610008239746094,0.563500165939331,1.2712999761104584,17.804658450671955
kitti_mini,000011,eps,0.5,0.15,0.1,0.5,10,42,40.0,15.0,9,58,7.500999927520752,-9.274999618530273,-1.2300000190734863,8.812999725341797,-7.769000053405762,-0.1889999955892563,1.311999797821045,1.5059995651245117,1.04100002348423,10.799183383130645
kitti_mini,000011,eps,0.5,0.15,0.1,0.5,10,42,40.0,15.0,10,884,1.003999948501587,-7.890999794006348,-1.454250007867813,8.217999696731567,-3.8871818022294478,0.47099998593330383,7.2139997482299805,4.0038179917769,1.925249993801117,4.0147475960731285
kitti_mini,000011,eps,0.5,0.15,0.1,0.5,10,42,40.0,15.0,11,20,10.397000312805176,11.101999759674072,-0.5640000104904175,10.656000137329102,11.535999615987143,0.36399999260902405,0.2589998245239258,0.43399985631307025,0.9280000030994415,15.210260161097642
kitti_mini,000011,eps,0.5,0.15,0.1,0.5,10,42,40.0,15.0,12,141,1.021999994913737,-3.7163333098093667,-1.4664999842643738,2.6410000324249268,-2.078000068664551,-0.32474999874830246,1.6190000375111897,1.638333241144816,1.1417499855160713,2.31572197704594
kitti_mini,000011,eps,0.5,0.15,0.1,0.5,10,42,40.0,15.0,13,115,25.01300048828125,4.105999946594238,-1.4149999618530273,27.447999954223633,5.739999771118164,0.164000004529953,2.434999465942383,1.6339998245239258,1.5789999663829803,25.347769704417583
kitti_mini,000011,eps,0.5,0.15,0.1,0.5,10,42,40.0,15.0,14,15,34.683998107910156,-7.670000076293945,-0.5389999747276306,35.04199981689453,-7.043000221252441,0.7509999871253967,0.358001708984375,0.6269998550415039,1.2899999618530273,35.39185749386541
kitti_mini,000011,eps,0.5,0.15,0.1,0.5,10,42,40.0,15.0,15,13,10.826000213623047,-3.903499960899353,-1.2327499985694885,11.149999618530273,-3.805000066757202,-0.4504999965429306,0.32399940490722656,0.09849989414215088,0.7822500020265579,11.475203969140965
kitti_mini,000011,eps,0.5,0.15,0.1,0.5,10,42,40.0,15.0,16,16,20.540000915527344,-8.236000061035156,0.029999999329447746,21.017000198364258,-7.993000030517578,0.9710000157356262,0.47699928283691406,0.24300003051757812,0.9410000164061785,22.04041032053891
kitti_mini,000011,eps,0.5,0.15,0.1,0.5,10,42,40.0,15.0,17,28,34.117000579833984,-2.5260000228881836,-0.8980000019073486,34.513999938964844,-1.809999942779541,0.3149999976158142,0.3969993591308594,0.7160000801086426,1.2129999995231628,34.1649795603225
kitti_mini,000011,eps,0.5,0.15,0.1,0.5,10,42,40.0,15.0,18,14,12.180000305175781,-6.385999917984009,-1.1899999777475994,12.65399980545044,-6.189000129699707,-0.4099999964237213,0.4739995002746582,0.19699978828430176,0.779999981323878,13.662215414767296
kitti_mini,000011,eps,0.5,0.15,0.1,0.5,10,42,40.0,15.0,19,10,31.20199966430664,-6.40500020980835,0.15600000321865082,31.701000213623047,-6.206999778747559,0.9419999718666077,0.49900054931640625,0.19800043106079102,0.7859999686479568,31.813387579834437
kitti_mini,000011,eps,0.5,0.15,0.1,0.5,10,42,40.0,15.0,20,75,6.265000025431315,-13.782999992370605,-0.9589999914169312,7.260000228881836,-11.25100040435791,0.0,0.9950002034505205,2.5319995880126953,0.9589999914169312,12.877703033441804
kitti_mini,000011,eps,0.5,0.15,0.1,0.5,10,42,40.0,15.0,21,22,7.473999977111816,11.319000244140625,0.18299999833106995,7.923999786376953,12.765999794006348,0.2524999976158142,0.4499998092651367,1.4469995498657227,0.06949999928474426,13.563939036457034
kitti_mini,000011,eps,0.5,0.15,0.1,0.5,10,42,40.0,15.0,22,17,6.624000072479248,-2.5369999408721924,-1.4304999709129333,7.0329999923706055,-2.384999990463257,-0.5996999979019165,0.4089999198913574,0.15199995040893555,0.8307999730110168,7.040284221160025
kitti_mini,000011,eps,0.5,0.15,0.1,0.5,10,42,40.0,15.0,23,12,12.435999870300293,-10.940499782562256,-1.034999966621399,12.849499702453613,-10.604000091552734,-0.3310000002384186,0.4134998321533203,0.3364996910095215,0.7039999663829803,16.343160976866113
kitti_mini,000011,eps,0.5,0.15,0.1,0.5,10,42,40.0,15.0,24,37,6.077000141143799,-14.95199966430664,-0.7123333414395651,7.1590001583099365,-14.404000282287598,0.257999986410141,1.0820000171661377,0.547999382019043,0.970333327849706,15.633462663389802
kitti_mini,000011,eps,0.5,0.15,0.1,0.5,10,42,40.0,15.0,25,10,20.761999130249023,-5.86299991607666,-1.1464999914169312,21.062999725341797,-5.658999919891357,-0.4909999966621399,0.30100059509277344,0.20399999618530273,0.6554999947547913,21.519407240390976
kitti_mini,000011,eps,0.5,0.15,0.1,0.5,10,42,40.0,15.0,26,18,22.94499969482422,-10.062999725341797,-0.9169999957084656,23.2189998626709,-9.468000411987305,-0.3149999976158142,0.2740001678466797,0.5949993133544922,0.6019999980926514,24.82168493065842
kitti_mini,000011,eps,0.5,0.15,0.1,0.5,10,42,40.0,15.0,27,23,31.097999572753906,-4.171999931335449,-1.0199999809265137,31.552000045776367,-3.6610000133514404,-0.2329999953508377,0.45400047302246094,0.5109999179840088,0.786999985575676,31.31275296943342
kitti_mini,000011,eps,0.5,0.15,0.1,0.5,10,42,40.0,15.0,28,17,39.388999938964844,9.057999610900879,-1.1019999980926514,39.73500061035156,9.586000442504883,-0.11500000208616257,0.34600067138671875,0.5280008316040039,0.9869999960064888,40.41708392676113
kitti_mini,000011,eps,0.5,0.15,0.1,0.5,10,42,40.0,15.0,29,17,5.069499969482422,-2.5360000133514404,-1.3692499995231628,5.459000110626221,-2.4070000648498535,-0.6410000085830688,0.38950014114379883,0.12899994850158691,0.728249990940094,5.611905135760001
kitti_mini,000011,eps,0.5,0.15,0.1,0.5,10,42,40.0,15.0,30,15,12.557999610900879,-7.926000118255615,-0.5902500003576279,12.970000267028809,-7.678999900817871,0.7120000123977661,0.4120006561279297,0.24700021743774414,1.302250012755394,14.71972804450366
kitti_mini,000011,eps,0.5,0.15,0.1,0.5,10,42,40.0,15.0,31,13,9.394499778747559,-10.444000244140625,-1.1640000343322754,9.972999572753906,-10.171000003814697,-0.41200000047683716,0.5784997940063477,0.27300024032592773,0.7520000338554382,13.845788788309841
kitti_mini,000011,eps,0.5,0.15,0.1,0.5,10,42,40.0,15.0,32,18,1.6030000448226929,-13.47950029373169,-0.5379999876022339,1.8029999732971191,-12.3125,-0.14999999850988388,0.19999992847442627,1.1670002937316895,0.38799998909235,12.416411131792534
kitti_mini,000011,eps,0.5,0.15,0.1,0.5,10,42,40.0,15.0,33,10,6.856500148773193,10.713000297546387,-0.8770000040531158,7.486000061035156,11.238500118255615,-0.7510000169277191,0.6294999122619629,0.5254998207092285,0.12599998712539673,12.719275516528281
kitti_mini,000011,eps,0.5,0.15,0.1,0.5,10,42,40.0,15.0,34,17,4.789333343505859,-8.437999725341797,-0.6286666790644327,5.053999900817871,-8.1419997215271,0.07149999961256981,0.2646665573120117,0.29600000381469727,0.7001666786770026,9.446156538008694
kitti_mini,000011,eps,0.5,0.15,0.1,0.5,10,42,40.0,15.0,35,15,29.35700035095215,-4.504000186920166,-0.9509999752044678,29.690000534057617,-4.098999977111816,-0.21299999952316284,0.33300018310546875,0.4050002098083496,0.7379999756813049,29.641782510810096
kitti_mini,000011,eps,0.5,0.15,0.1,0.5,10,42,40.0,15.0,36,11,8.164999961853027,-2.5889999866485596,-1.3729999661445618,8.4399995803833,-2.4886666933695474,-0.534333328406016,0.27499961853027344,0.10033329327901219,0.8386666377385458,8.5358471335742
kitti_mini,000011,eps,0.5,0.15,0.1,0.5,10,42,40.0,15.0,37,11,9.5,-3.1029999256134033,-1.378999948501587,9.843000411987305,-2.943000078201294,-0.6102000117301941,0.3430004119873047,0.15999984741210938,0.7687999367713928,9.945413488653593
kitti_mini,000011,eps,0.5,0.15,0.1,0.5,10,42,40.0,15.0,38,13,8.798999786376953,-9.366000175476074,-0.8015000224113464,9.47599983215332,-8.440999984741211,-0.4415000081062317,0.6770000457763672,0.9250001907348633,0.36000001430511475,12.193148813291126
kitti_mini,000011,eps,0.8,0.15,0.1,0.8,10,42,40.0,15.0,0,594,22.354000091552734,-10.188499927520752,-1.1130000352859497,28.312999725341797,-5.438000202178955,1.184999942779541,5.9589996337890625,4.750499725341797,2.2979999780654907,23.005937631229855
kitti_mini,000011,eps,0.8,0.15,0.1,0.8,10,42,40.0,15.0,1,17,37.97200012207031,5.400000095367432,0.328000009059906,38.2859992980957,6.013000011444092,1.5169999599456787,0.3139991760253906,0.6129999160766602,1.1889999508857727,38.354045344663135
kitti_mini,000011,eps,0.8,0.15,0.1,0.8,10,42,40.0,15.0,2,3488,1.0273999929428101,7.686499834060669,-1.8515833417574565,38.11899948120117,12.847999572753906,1.5110000371932983,37.09159948825836,5.161499738693237,3.362583378950755,7.754858505770017
kitti_mini,000011,eps,0.8,0.15,0.1,0.8,10,42,40.0,15.0,3,28,31.20199966430664,-6.40500020980835,-0.8190000057220459,33.03300094604492,-6.178999900817871,1.3220000267028809,1.8310012817382812,0.22600030899047852,2.1410000324249268,31.807936475441142
kitti_mini,000011,eps,0.8,0.15,0.1,0.8,10,42,40.0,15.0,4,488,2.5453333059946694,4.269000053405762,-1.677277770307329,6.273200130462646,5.864333311716716,-0.37400001287460327,3.7278668244679767,1.595333258310954,1.3032777574327257,4.970219622369232
kitti_mini,000011,eps,0.8,0.15,0.1,0.8,10,42,40.0,15.0,5,97,11.71500015258789,-5.8429999351501465,-1.2660000324249268,13.92199993133545,-4.658999919891357,0.34599998593330383,2.2069997787475586,1.184000015258789,1.6120000183582306,12.607438630771993
kitti_mini,000011,eps,0.8,0.15,0.1,0.8,10,42,40.0,15.0,6,978,1.003999948501587,-9.711999893188477,-1.454250007867813,9.47599983215332,-3.8871818022294478,0.47099998593330383,8.471999883651733,5.824818090959029,1.925249993801117,4.0147475960731285
kitti_mini,000011,eps,0.8,0.15,0.1,0.8,10,42,40.0,15.0,7,20,10.397000312805176,11.101999759674072,-0.5640000104904175,10.656000137329102,11.535999615987143,0.36399999260902405,0.2589998245239258,0.43399985631307025,0.9280000030994415,15.210260161097642
kitti_mini,000011,eps,0.8,0.15,0.1,0.8,10,42,40.0,15.0,8,141,1.021999994913737,-3.7163333098093667,-1.4664999842643738,2.6410000324249268,-2.078000068664551,-0.32474999874830246,1.6190000375111897,1.638333241144816,1.1417499855160713,2.31572197704594
kitti_mini,000011,eps,0.8,0.15,0.1,0.8,10,42,40.0,15.0,9,137,25.01300048828125,4.105999946594238,-1.4149999618530273,29.25,5.949999809265137,0.164000004529953,4.23699951171875,1.8439998626708984,1.5789999663829803,25.347769704417583
kitti_mini,000011,eps,0.8,0.15,0.1,0.8,10,42,40.0,15.0,10,19,34.553001403808594,-7.670000076293945,-0.5389999747276306,35.04199981689453,-6.854000091552734,1.0230000019073486,0.4889984130859375,0.8159999847412109,1.5619999766349792,35.22622919454484
kitti_mini,000011,eps,0.8,0.15,0.1,0.8,10,42,40.0,15.0,11,13,10.826000213623047,-3.903499960899353,-1.2327499985694885,11.149999618530273,-3.805000066757202,-0.4504999965429306,0.32399940490722656,0.09849989414215088,0.7822500020265579,11.475203969140965
kitti_mini,000011,eps,0.8,0.15,0.1,0.8,10,42,40.0,15.0,12,16,20.540000915527344,-8.236000061035156,0.029999999329447746,21.017000198364258,-7.993000030517578,0.9710000157356262,0.47699928283691406,0.24300003051757812,0.9410000164061785,22.04041032053891
kitti_mini,000011,eps,0.8,0.15,0.1,0.8,10,42,40.0,15.0,13,28,34.117000579833984,-2.5260000228881836,-0.8980000019073486,34.513999938964844,-1.809999942779541,0.3149999976158142,0.3969993591308594,0.7160000801086426,1.2129999995231628,34.1649795603225
kitti_mini,000011,eps,0.8,0.15,0.1,0.8,10,42,40.0,15.0,14,19,39.388999938964844,9.057999610900879,-1.1019999980926514,39.73500061035156,9.586000442504883,0.14300000667572021,0.34600067138671875,0.5280008316040039,1.2450000047683716,40.41708392676113
kitti_mini,000011,eps,0.8,0.15,0.1,0.8,10,42,40.0,15.0,15,12,8.539999961853027,14.081000328063965,-0.8299999833106995,8.902000427246094,14.52400016784668,0.07599999755620956,0.3620004653930664,0.44299983978271484,0.905999980866909,16.46833839788906
kitti_mini,000011,eps,0.8,0.15,0.1,0.8,10,42,40.0,15.0,16,14,12.180000305175781,-6.385999917984009,-1.1899999777475994,12.65399980545044,-6.189000129699707,-0.4099999964237213,0.4739995002746582,0.19699978828430176,0.779999981323878,13.662215414767296
kitti_mini,000011,eps,0.8,0.15,0.1,0.8,10,42,40.0,15.0,17,116,6.077000141143799,-14.95199966430664,-0.9589999914169312,7.260000228881836,-11.25100040435791,0.257999986410141,1.183000087738037,3.7009992599487305,1.2169999778270721,12.787296071270251
kitti_mini,000011,eps,0.8,0.15,0.1,0.8,10,42,40.0,15.0,18,17,6.624000072479248,-2.5369999408721924,-1.4304999709129333,7.0329999923706055,-2.384999990463257,-0.5996999979019165,0.4089999198913574,0.15199995040893555,0.8307999730110168,7.040284221160025
kitti_mini,000011,eps,0.8,0.15,0.1,0.8,10,42,40.0,15.0,19,12,12.435999870300293,-10.940499782562256,-1.034999966621399,12.849499702453613,-10.604000091552734,-0.3310000002384186,0.4134998321533203,0.3364996910095215,0.7039999663829803,16.343160976866113
kitti_mini,000011,eps,0.8,0.15,0.1,0.8,10,42,40.0,15.0,20,11,20.761999130249023,-5.86299991607666,-1.1464999914169312,21.062999725341797,-5.646999835968018,-0.25,0.30100059509277344,0.21600008010864258,0.8964999914169312,21.516254670176313
kitti_mini,000011,eps,0.8,0.15,0.1,0.8,10,42,40.0,15.0,21,23,31.097999572753906,-4.171999931335449,-1.0199999809265137,31.552000045776367,-3.6610000133514404,-0.2329999953508377,0.45400047302246094,0.5109999179840088,0.786999985575676,31.31275296943342
kitti_mini,000011,eps,0.8,0.15,0.1,0.8,10,42,40.0,15.0,22,10,10.133500099182129,14.300000190734863,-0.492000013589859,10.704999923706055,14.579999923706055,0.17900000512599945,0.5714998245239258,0.2799997329711914,0.6710000187158585,17.526489372237137
kitti_mini,000011,eps,0.8,0.15,0.1,0.8,10,42,40.0,15.0,23,17,5.069499969482422,-2.5360000133514404,-1.3692499995231628,5.459000110626221,-2.4070000648498535,-0.6410000085830688,0.38950014114379883,0.12899994850158691,0.728249990940094,5.611905135760001
kitti_mini,000011,eps,0.8,0.15,0.1,0.8,10,42,40.0,15.0,24,29,19.89033317565918,-8.673999786376953,-1.1319999694824219,22.303666432698567,-6.433666706085205,-0.9129999876022339,2.413333257039387,2.240333080291748,0.218999981880188,20.904961638896097
kitti_mini,000011,eps,0.8,0.15,0.1,0.8,10,42,40.0,15.0,25,19,12.557999610900879,-7.926000118255615,-1.0729999542236328,12.970000267028809,-7.678999900817871,0.7120000123977661,0.4120006561279297,0.24700021743774414,1.784999966621399,14.71972804450366
kitti_mini,000011,eps,0.8,0.15,0.1,0.8,10,42,40.0,15.0,26,13,9.394499778747559,-10.444000244140625,-1.1640000343322754,9.972999572753906,-10.171000003814697,-0.41200000047683716,0.5784997940063477,0.27300024032592773,0.7520000338554382,13.845788788309841
kitti_mini,000011,eps,0.8,0.15,0.1,0.8,10,42,40.0,15.0,27,18,1.6030000448226929,-13.47950029373169,-0.5379999876022339,1.8029999732971191,-12.3125,-0.14999999850988388,0.19999992847442627,1.1670002937316895,0.38799998909235,12.416411131792534
kitti_mini,000011,eps,0.8,0.15,0.1,0.8,10,42,40.0,15.0,28,11,8.164999961853027,-2.5889999866485596,-1.3729999661445618,8.4399995803833,-2.4886666933695474,-0.534333328406016,0.27499961853027344,0.10033329327901219,0.8386666377385458,8.5358471335742
kitti_mini,000011,eps,0.8,0.15,0.1,0.8,10,42,40.0,15.0,29,21,11.07800006866455,6.501999855041504,-1.6269999742507935,11.285666783650717,6.693999767303467,0.6499999761581421,0.20766671498616596,0.1919999122619629,2.2769999504089355,12.845158139793046
kitti_mini,000011,eps,0.8,0.15,0.1,0.8,10,42,40.0,15.0,30,18,4.181999921798706,-8.437999725341797,-0.6286666790644327,5.053999900817871,-8.1419997215271,0.07149999961256981,0.871999979019165,0.29600000381469727,0.7001666786770026,9.153211611848146
kitti_mini,000011,eps,0.8,0.15,0.1,0.8,10,42,40.0,15.0,31,15,29.35700035095215,-4.504000186920166,-0.9509999752044678,29.690000534057617,-4.098999977111816,-0.21299999952316284,0.33300018310546875,0.4050002098083496,0.7379999756813049,29.641782510810096
kitti_mini,000011,eps,0.8,0.15,0.1,0.8,10,42,40.0,15.0,32,11,9.5,-3.1029999256134033,-1.378999948501587,9.843000411987305,-2.943000078201294,-0.6102000117301941,0.3430004119873047,0.15999984741210938,0.7687999367713928,9.945413488653593
kitti_mini,000011,eps,0.8,0.15,0.1,0.8,10,42,40.0,15.0,33,9,1.0,-8.807999610900879,-0.3753333290417989,1.246999979019165,-7.732999801635742,-0.1589999943971634,0.24699997901916504,1.0749998092651367,0.2163333346446355,7.797389687074671
kitti_mini,000011,distance_threshold,0.05,0.15,0.05,0.5,10,42,40.0,15.0,0,573,22.354000091552734,-10.188499927520752,-1.0885000228881836,28.083999633789062,-5.438000202178955,1.1660000085830688,5.729999542236328,4.750499725341797,2.2545000314712524,23.005937631229855
kitti_mini,000011,distance_threshold,0.05,0.15,0.05,0.5,10,42,40.0,15.0,1,16,38.013999938964844,5.400000095367432,1.0850000381469727,38.2859992980957,6.013000011444092,1.5169999599456787,0.2719993591308594,0.6129999160766602,0.43199992179870605,38.39562725610284
kitti_mini,000011,distance_threshold,0.05,0.15,0.05,0.5,10,42,40.0,15.0,2,2964,1.0273999929428101,7.686499834060669,-1.91525000333786,25.018999099731445,10.687000274658203,1.093999981880188,23.991599106788634,3.000500440597534,3.009249985218048,7.754858505770017
kitti_mini,000011,distance_threshold,0.05,0.15,0.05,0.5,10,42,40.0,15.0,3,390,25.145000457763672,8.581000328063965,-1.5609999895095825,32.18299865722656,9.72700023651123,1.3380000591278076,7.037998199462891,1.1459999084472656,2.89900004863739,26.568865513061883
kitti_mini,000011,distance_threshold,0.05,0.15,0.05,0.5,10,42,40.0,15.0,4,106,33.11199951171875,8.934000015258789,-1.3940000534057617,35.43600082397461,9.66100025177002,1.444000005722046,2.3240013122558594,0.7270002365112305,2.8380000591278076,34.29607656768784
kitti_mini,000011,distance_threshold,0.05,0.15,0.05,0.5,10,42,40.0,15.0,5,496,2.5453333059946694,4.269000053405762,-1.7280000448226929,6.273200130462646,5.864333311716716,-0.37400001287460327,3.7278668244679767,1.595333258310954,1.3540000319480896,4.970219622369232
kitti_mini,000011,distance_threshold,0.05,0.15,0.05,0.5,10,42,40.0,15.0,6,87,11.71500015258789,-5.540999889373779,-1.3420000076293945,13.321000099182129,-4.658999919891357,0.34599998593330383,1.6059999465942383,0.8819999694824219,1.6879999935626984,12.607438630771993
kitti_mini,000011,distance_threshold,0.05,0.15,0.05,0.5,10,42,40.0,15.0,7,45,36.393001556396484,9.017999649047852,-1.0130000114440918,37.57400131225586,9.581000328063965,1.5110000371932983,1.180999755859375,0.5630006790161133,2.52400004863739,37.49366453087914
kitti_mini,000011,distance_threshold,0.05,0.15,0.05,0.5,10,42,40.0,15.0,8,58,7.500999927520752,-9.274999618530273,-1.2300000190734863,8.812999725341797,-7.769000053405762,-0.1889999955892563,1.311999797821045,1.5059995651245117,1.04100002348423,10.799183383130645
kitti_mini,000011,distance_threshold,0.05,0.15,0.05,0.5,10,42,40.0,15.0,9,1394,1.003999948501587,-7.955999851226807,-1.5424000024795532,11.374000072479248,-2.4070000648498535,0.47099998593330383,10.370000123977661,5.548999786376953,2.013399988412857,2.6080002317443127
kitti_mini,000011,distance_threshold,0.05,0.15,0.05,0.5,10,42,40.0,15.0,10,20,10.397000312805176,11.101999759674072,-0.5640000104904175,10.656000137329102,11.535999615987143,0.36399999260902405,0.2589998245239258,0.43399985631307025,0.9280000030994415,15.210260161097642
kitti_mini,000011,distance_threshold,0.05,0.15,0.05,0.5,10,42,40.0,15.0,11,141,1.021999994913737,-3.7163333098093667,-1.4664999842643738,2.6410000324249268,-2.078000068664551,-0.32474999874830246,1.6190000375111897,1.638333241144816,1.1417499855160713,2.31572197704594
kitti_mini,000011,distance_threshold,0.05,0.15,0.05,0.5,10,42,40.0,15.0,12,118,25.01300048828125,4.105999946594238,-1.4149999618530273,27.447999954223633,5.739999771118164,0.164000004529953,2.434999465942383,1.6339998245239258,1.5789999663829803,25.347769704417583
kitti_mini,000011,distance_threshold,0.05,0.15,0.05,0.5,10,42,40.0,15.0,13,15,34.683998107910156,-7.670000076293945,-0.5389999747276306,35.04199981689453,-7.043000221252441,0.7509999871253967,0.358001708984375,0.6269998550415039,1.2899999618530273,35.39185749386541
kitti_mini,000011,distance_threshold,0.05,0.15,0.05,0.5,10,42,40.0,15.0,14,13,10.826000213623047,-3.903499960899353,-1.2327499985694885,11.149999618530273,-3.805000066757202,-0.4504999965429306,0.32399940490722656,0.09849989414215088,0.7822500020265579,11.475203969140965
kitti_mini,000011,distance_threshold,0.05,0.15,0.05,0.5,10,42,40.0,15.0,15,24,20.6560001373291,-6.581499814987183,-1.184000015258789,21.753999710083008,-5.415999889373779,-0.4909999966621399,1.0979995727539062,1.1654999256134033,0.6930000185966492,21.354236031172753
kitti_mini,000011,distance_threshold,0.05,0.15,0.05,0.5,10,42,40.0,15.0,16,16,20.540000915527344,-8.236000061035156,0.029999999329447746,21.017000198364258,-7.993000030517578,0.9710000157356262,0.47699928283691406,0.24300003051757812,0.9410000164061785,22.04041032053891
kitti_mini,000011,distance_threshold,0.05,0.15,0.05,0.5,10,42,40.0,15.0,17,32,34.117000579833984,-2.5260000228881836,-1.128000020980835,34.513999938964844,-1.809999942779541,0.3149999976158142,0.3969993591308594,0.7160000801086426,1.4430000185966492,34.1649795603225
kitti_mini,000011,distance_threshold,0.05,0.15,0.05,0.5,10,42,40.0,15.0,18,14,12.180000305175781,-6.385999917984009,-1.1899999777475994,12.65399980545044,-6.189000129699707,-0.4099999964237213,0.4739995002746582,0.19699978828430176,0.779999981323878,13.662215414767296
kitti_mini,000011,distance_threshold,0.05,0.15,0.05,0.5,10,42,40.0,15.0,19,10,31.20199966430664,-6.40500020980835,0.15600000321865082,31.701000213623047,-6.206999778747559,0.9419999718666077,0.49900054931640625,0.19800043106079102,0.7859999686479568,31.813387579834437
kitti_mini,000011,distance_threshold,0.05,0.15,0.05,0.5,10,42,40.0,15.0,20,75,6.265000025431315,-13.782999992370605,-0.9589999914169312,7.260000228881836,-11.25100040435791,0.0,0.9950002034505205,2.5319995880126953,0.9589999914169312,12.877703033441804
kitti_mini,000011,distance_threshold,0.05,0.15,0.05,0.5,10,42,40.0,15.0,21,22,7.473999977111816,11.319000244140625,0.18299999833106995,7.923999786376953,12.765999794006348,0.2524999976158142,0.4499998092651367,1.4469995498657227,0.06949999928474426,13.563939036457034
kitti_mini,000011,distance_threshold,0.05,0.15,0.05,0.5,10,42,40.0,15.0,22,18,6.624000072479248,-2.5369999408721924,-1.4980000257492065,7.0329999923706055,-2.384999990463257,-0.5996999979019165,0.4089999198913574,0.15199995040893555,0.89830002784729,7.040284221160025
kitti_mini,000011,distance_threshold,0.05,0.15,0.05,0.5,10,42,40.0,15.0,23,14,12.435999870300293,-10.940499782562256,-1.1430000066757202,12.849499702453613,-10.604000091552734,-0.3310000002384186,0.4134998321533203,0.3364996910095215,0.8120000064373016,16.343160976866113
kitti_mini,000011,distance_threshold,0.05,0.15,0.05,0.5,10,42,40.0,15.0,24,37,6.077000141143799,-14.95199966430664,-0.7123333414395651,7.1590001583099365,-14.404000282287598,0.257999986410141,1.0820000171661377,0.547999382019043,0.970333327849706,15.633462663389802
kitti_mini,000011,distance_threshold,0.05,0.15,0.05,0.5,10,42,40.0,15.0,25,18,22.94499969482422,-10.062999725341797,-0.9169999957084656,23.2189998626709,-9.468000411987305,-0.3149999976158142,0.2740001678466797,0.5949993133544922,0.6019999980926514,24.82168493065842
kitti_mini,000011,distance_threshold,0.05,0.15,0.05,0.5,10,42,40.0,15.0,26,23,31.097999572753906,-4.171999931335449,-1.0199999809265137,31.552000045776367,-3.6610000133514404,-0.2329999953508377,0.45400047302246094,0.5109999179840088,0.786999985575676,31.31275296943342
kitti_mini,000011,distance_threshold,0.05,0.15,0.05,0.5,10,42,40.0,15.0,27,17,39.388999938964844,9.057999610900879,-1.1019999980926514,39.73500061035156,9.586000442504883,-0.11500000208616257,0.34600067138671875,0.5280008316040039,0.9869999960064888,40.41708392676113
kitti_mini,000011,distance_threshold,0.05,0.15,0.05,0.5,10,42,40.0,15.0,28,15,12.557999610900879,-7.926000118255615,-0.5902500003576279,12.970000267028809,-7.678999900817871,0.7120000123977661,0.4120006561279297,0.24700021743774414,1.302250012755394,14.71972804450366
kitti_mini,000011,distance_threshold,0.05,0.15,0.05,0.5,10,42,40.0,15.0,29,13,9.394499778747559,-10.444000244140625,-1.1640000343322754,9.972999572753906,-10.171000003814697,-0.41200000047683716,0.5784997940063477,0.27300024032592773,0.7520000338554382,13.845788788309841
kitti_mini,000011,distance_threshold,0.05,0.15,0.05,0.5,10,42,40.0,15.0,30,18,1.6030000448226929,-13.47950029373169,-0.5379999876022339,1.8029999732971191,-12.3125,-0.14999999850988388,0.19999992847442627,1.1670002937316895,0.38799998909235,12.416411131792534
kitti_mini,000011,distance_threshold,0.05,0.15,0.05,0.5,10,42,40.0,15.0,31,10,6.856500148773193,10.713000297546387,-0.8770000040531158,7.486000061035156,11.238500118255615,-0.7510000169277191,0.6294999122619629,0.5254998207092285,0.12599998712539673,12.719275516528281
kitti_mini,000011,distance_threshold,0.05,0.15,0.05,0.5,10,42,40.0,15.0,32,17,4.789333343505859,-8.437999725341797,-0.6286666790644327,5.053999900817871,-8.1419997215271,0.07149999961256981,0.2646665573120117,0.29600000381469727,0.7001666786770026,9.446156538008694
kitti_mini,000011,distance_threshold,0.05,0.15,0.05,0.5,10,42,40.0,15.0,33,14,10.307250022888184,-8.259999990463257,-1.3009999990463257,11.297499656677246,-7.447999954223633,-1.2652499973773956,0.9902496337890625,0.812000036239624,0.035750001668930054,12.716607501705937
kitti_mini,000011,distance_threshold,0.05,0.15,0.05,0.5,10,42,40.0,15.0,34,16,29.35700035095215,-4.504000186920166,-1.1299999952316284,29.694000244140625,-4.098999977111816,-0.21299999952316284,0.33699989318847656,0.4050002098083496,0.9169999957084656,29.641782510810096
kitti_mini,000011,distance_threshold,0.05,0.15,0.05,0.5,10,42,40.0,15.0,35,12,8.164999961853027,-2.5889999866485596,-1.4780000448226929,8.4399995803833,-2.4886666933695474,-0.534333328406016,0.27499961853027344,0.10033329327901219,0.9436667164166769,8.5358471335742
kitti_mini,000011,distance_threshold,0.05,0.15,0.05,0.5,10,42,40.0,15.0,36,11,9.5,-3.1029999256134033,-1.378999948501587,9.843000411987305,-2.943000078201294,-0.6102000117301941,0.3430004119873047,0.15999984741210938,0.7687999367713928,9.945413488653593
kitti_mini,000011,distance_threshold,0.05,0.15,0.05,0.5,10,42,40.0,15.0,37,13,8.798999786376953,-9.366000175476074,-0.8015000224113464,9.47599983215332,-8.440999984741211,-0.4415000081062317,0.6770000457763672,0.9250001907348633,0.36000001430511475,12.193148813291126
kitti_mini,000011,distance_threshold,0.05,0.15,0.05,0.5,10,42,40.0,15.0,38,13,26.225500106811523,-4.9695000648498535,-1.180999994277954,27.253999710083008,-4.150000095367432,-0.8339999914169312,1.0284996032714844,0.8194999694824219,0.34700000286102295,26.551823979604883
kitti_mini,000011,distance_threshold,0.05,0.15,0.05,0.5,10,42,40.0,15.0,39,12,19.492000579833984,-9.558000087738037,-1.13400000333786,20.25349998474121,-8.706999778747559,-1.0364999771118164,0.7614994049072266,0.8510003089904785,0.0975000262260437,21.348300441753167
kitti_mini,000011,distance_threshold,0.05,0.15,0.05,0.5,10,42,40.0,15.0,40,10,10.7669997215271,-8.774499893188477,-1.2709999879201253,11.463333447774252,-8.201333363850912,-1.2494999766349792,0.6963337262471523,0.5731665293375645,0.021500011285146003,13.534775651941143
kitti_mini,000011,distance_threshold,0.1,0.15,0.1,0.5,10,42,40.0,15.0,0,573,22.354000091552734,-10.188499927520752,-1.0885000228881836,28.083999633789062,-5.438000202178955,1.1660000085830688,5.729999542236328,4.750499725341797,2.2545000314712524,23.005937631229855
kitti_mini,000011,distance_threshold,0.1,0.15,0.1,0.5,10,42,40.0,15.0,1,16,38.013999938964844,5.400000095367432,1.0850000381469727,38.2859992980957,6.013000011444092,1.5169999599456787,0.2719993591308594,0.6129999160766602,0.43199992179870605,38.39562725610284
kitti_mini,000011,distance_threshold,0.1,0.15,0.1,0.5,10,42,40.0,15.0,2,2844,1.0273999929428101,8.244999885559082,-1.8515833417574565,24.764999389648438,10.687000274658203,1.093999981880188,23.737599396705626,2.442000389099121,2.9455833236376447,8.30876488163964
kitti_mini,000011,distance_threshold,0.1,0.15,0.1,0.5,10,42,40.0,15.0,3,379,25.018999099731445,8.581000328063965,-1.5160000324249268,32.18299865722656,9.72700023651123,1.3380000591278076,7.163999557495117,1.1459999084472656,2.8540000915527344,26.449648061601817
kitti_mini,000011,distance_threshold,0.1,0.15,0.1,0.5,10,42,40.0,15.0,4,106,33.11199951171875,8.934000015258789,-1.3940000534057617,35.43600082397461,9.66100025177002,1.444000005722046,2.3240013122558594,0.7270002365112305,2.8380000591278076,34.29607656768784
kitti_mini,000011,distance_threshold,0.1,0.15,0.1,0.5,10,42,40.0,15.0,5,488,2.5453333059946694,4.269000053405762,-1.677277770307329,6.273200130462646,5.864333311716716,-0.37400001287460327,3.7278668244679767,1.595333258310954,1.3032777574327257,4.970219622369232
kitti_mini,000011,distance_threshold,0.1,0.15,0.1,0.5,10,42,40.0,15.0,6,83,11.71500015258789,-5.540999889373779,-1.2660000324249268,13.321000099182129,-4.658999919891357,0.34599998593330383,1.6059999465942383,0.8819999694824219,1.6120000183582306,12.607438630771993
kitti_mini,000011,distance_threshold,0.1,0.15,0.1,0.5,10,42,40.0,15.0,7,45,36.393001556396484,9.017999649047852,-1.0130000114440918,37.57400131225586,9.581000328063965,1.5110000371932983,1.180999755859375,0.5630006790161133,2.52400004863739,37.49366453087914
kitti_mini,000011,distance_threshold,0.1,0.15,0.1,0.5,10,42,40.0,15.0,8,44,16.059999465942383,7.686499834060669,-1.6014999747276306,16.621000289916992,8.25,-0.33019999861717225,0.5610008239746094,0.563500165939331,1.2712999761104584,17.804658450671955
kitti_mini,000011,distance_threshold,0.1,0.15,0.1,0.5,10,42,40.0,15.0,9,58,7.500999927520752,-9.274999618530273,-1.2300000190734863,8.812999725341797,-7.769000053405762,-0.1889999955892563,1.311999797821045,1.5059995651245117,1.04100002348423,10.799183383130645
kitti_mini,000011,distance_threshold,0.1,0.15,0.1,0.5,10,42,40.0,15.0,10,884,1.003999948501587,-7.890999794006348,-1.454250007867813,8.217999696731567,-3.8871818022294478,0.47099998593330383,7.2139997482299805,4.0038179917769,1.925249993801117,4.0147475960731285
kitti_mini,000011,distance_threshold,0.1,0.15,0.1,0.5,10,42,40.0,15.0,11,20,10.397000312805176,11.101999759674072,-0.5640000104904175,10.656000137329102,11.535999615987143,0.36399999260902405,0.2589998245239258,0.43399985631307025,0.9280000030994415,15.210260161097642
kitti_mini,000011,distance_threshold,0.1,0.15,0.1,0.5,10,42,40.0,15.0,12,141,1.021999994913737,-3.7163333098093667,-1.4664999842643738,2.6410000324249268,-2.078000068664551,-0.32474999874830246,1.6190000375111897,1.638333241144816,1.1417499855160713,2.31572197704594
kitti_mini,000011,distance_threshold,0.1,0.15,0.1,0.5,10,42,40.0,15.0,13,115,25.01300048828125,4.105999946594238,-1.4149999618530273,27.447999954223633,5.739999771118164,0.164000004529953,2.434999465942383,1.6339998245239258,1.5789999663829803,25.347769704417583
kitti_mini,000011,distance_threshold,0.1,0.15,0.1,0.5,10,42,40.0,15.0,14,15,34.683998107910156,-7.670000076293945,-0.5389999747276306,35.04199981689453,-7.043000221252441,0.7509999871253967,0.358001708984375,0.6269998550415039,1.2899999618530273,35.39185749386541
kitti_mini,000011,distance_threshold,0.1,0.15,0.1,0.5,10,42,40.0,15.0,15,13,10.826000213623047,-3.903499960899353,-1.2327499985694885,11.149999618530273,-3.805000066757202,-0.4504999965429306,0.32399940490722656,0.09849989414215088,0.7822500020265579,11.475203969140965
kitti_mini,000011,distance_threshold,0.1,0.15,0.1,0.5,10,42,40.0,15.0,16,16,20.540000915527344,-8.236000061035156,0.029999999329447746,21.017000198364258,-7.993000030517578,0.9710000157356262,0.47699928283691406,0.24300003051757812,0.9410000164061785,22.04041032053891
kitti_mini,000011,distance_threshold,0.1,0.15,0.1,0.5,10,42,40.0,15.0,17,28,34.117000579833984,-2.5260000228881836,-0.8980000019073486,34.513999938964844,-1.809999942779541,0.3149999976158142,0.3969993591308594,0.7160000801086426,1.2129999995231628,34.1649795603225
kitti_mini,000011,distance_threshold,0.1,0.15,0.1,0.5,10,42,40.0,15.0,18,14,12.180000305175781,-6.385999917984009,-1.1899999777475994,12.65399980545044,-6.189000129699707,-0.4099999964237213,0.4739995002746582,0.19699978828430176,0.779999981323878,13.662215414767296
kitti_mini,000011,distance_threshold,0.1,0.15,0.1,0.5,10,42,40.0,15.0,19,10,31.20199966430664,-6.40500020980835,0.15600000321865082,31.701000213623047,-6.206999778747559,0.9419999718666077,0.49900054931640625,0.19800043106079102,0.7859999686479568,31.813387579834437
kitti_mini,000011,distance_threshold,0.1,0.15,0.1,0.5,10,42,40.0,15.0,20,75,6.265000025431315,-13.782999992370605,-0.9589999914169312,7.260000228881836,-11.25100040435791,0.0,0.9950002034505205,2.5319995880126953,0.9589999914169312,12.877703033441804
kitti_mini,000011,distance_threshold,0.1,0.15,0.1,0.5,10,42,40.0,15.0,21,22,7.473999977111816,11.319000244140625,0.18299999833106995,7.923999786376953,12.765999794006348,0.2524999976158142,0.4499998092651367,1.4469995498657227,0.06949999928474426,13.563939036457034
kitti_mini,000011,distance_threshold,0.1,0.15,0.1,0.5,10,42,40.0,15.0,22,17,6.624000072479248,-2.5369999408721924,-1.4304999709129333,7.0329999923706055,-2.384999990463257,-0.5996999979019165,0.4089999198913574,0.15199995040893555,0.8307999730110168,7.040284221160025
kitti_mini,000011,distance_threshold,0.1,0.15,0.1,0.5,10,42,40.0,15.0,23,12,12.435999870300293,-10.940499782562256,-1.034999966621399,12.849499702453613,-10.604000091552734,-0.3310000002384186,0.4134998321533203,0.3364996910095215,0.7039999663829803,16.343160976866113
kitti_mini,000011,distance_threshold,0.1,0.15,0.1,0.5,10,42,40.0,15.0,24,37,6.077000141143799,-14.95199966430664,-0.7123333414395651,7.1590001583099365,-14.404000282287598,0.257999986410141,1.0820000171661377,0.547999382019043,0.970333327849706,15.633462663389802
kitti_mini,000011,distance_threshold,0.1,0.15,0.1,0.5,10,42,40.0,15.0,25,10,20.761999130249023,-5.86299991607666,-1.1464999914169312,21.062999725341797,-5.658999919891357,-0.4909999966621399,0.30100059509277344,0.20399999618530273,0.6554999947547913,21.519407240390976
kitti_mini,000011,distance_threshold,0.1,0.15,0.1,0.5,10,42,40.0,15.0,26,18,22.94499969482422,-10.062999725341797,-0.9169999957084656,23.2189998626709,-9.468000411987305,-0.3149999976158142,0.2740001678466797,0.5949993133544922,0.6019999980926514,24.82168493065842
kitti_mini,000011,distance_threshold,0.1,0.15,0.1,0.5,10,42,40.0,15.0,27,23,31.097999572753906,-4.171999931335449,-1.0199999809265137,31.552000045776367,-3.6610000133514404,-0.2329999953508377,0.45400047302246094,0.5109999179840088,0.786999985575676,31.31275296943342
kitti_mini,000011,distance_threshold,0.1,0.15,0.1,0.5,10,42,40.0,15.0,28,17,39.388999938964844,9.057999610900879,-1.1019999980926514,39.73500061035156,9.586000442504883,-0.11500000208616257,0.34600067138671875,0.5280008316040039,0.9869999960064888,40.41708392676113
kitti_mini,000011,distance_threshold,0.1,0.15,0.1,0.5,10,42,40.0,15.0,29,17,5.069499969482422,-2.5360000133514404,-1.3692499995231628,5.459000110626221,-2.4070000648498535,-0.6410000085830688,0.38950014114379883,0.12899994850158691,0.728249990940094,5.611905135760001
kitti_mini,000011,distance_threshold,0.1,0.15,0.1,0.5,10,42,40.0,15.0,30,15,12.557999610900879,-7.926000118255615,-0.5902500003576279,12.970000267028809,-7.678999900817871,0.7120000123977661,0.4120006561279297,0.24700021743774414,1.302250012755394,14.71972804450366
kitti_mini,000011,distance_threshold,0.1,0.15,0.1,0.5,10,42,40.0,15.0,31,13,9.394499778747559,-10.444000244140625,-1.1640000343322754,9.972999572753906,-10.171000003814697,-0.41200000047683716,0.5784997940063477,0.27300024032592773,0.7520000338554382,13.845788788309841
kitti_mini,000011,distance_threshold,0.1,0.15,0.1,0.5,10,42,40.0,15.0,32,18,1.6030000448226929,-13.47950029373169,-0.5379999876022339,1.8029999732971191,-12.3125,-0.14999999850988388,0.19999992847442627,1.1670002937316895,0.38799998909235,12.416411131792534
kitti_mini,000011,distance_threshold,0.1,0.15,0.1,0.5,10,42,40.0,15.0,33,10,6.856500148773193,10.713000297546387,-0.8770000040531158,7.486000061035156,11.238500118255615,-0.7510000169277191,0.6294999122619629,0.5254998207092285,0.12599998712539673,12.719275516528281
kitti_mini,000011,distance_threshold,0.1,0.15,0.1,0.5,10,42,40.0,15.0,34,17,4.789333343505859,-8.437999725341797,-0.6286666790644327,5.053999900817871,-8.1419997215271,0.07149999961256981,0.2646665573120117,0.29600000381469727,0.7001666786770026,9.446156538008694
kitti_mini,000011,distance_threshold,0.1,0.15,0.1,0.5,10,42,40.0,15.0,35,15,29.35700035095215,-4.504000186920166,-0.9509999752044678,29.690000534057617,-4.098999977111816,-0.21299999952316284,0.33300018310546875,0.4050002098083496,0.7379999756813049,29.641782510810096
kitti_mini,000011,distance_threshold,0.1,0.15,0.1,0.5,10,42,40.0,15.0,36,11,8.164999961853027,-2.5889999866485596,-1.3729999661445618,8.4399995803833,-2.4886666933695474,-0.534333328406016,0.27499961853027344,0.10033329327901219,0.8386666377385458,8.5358471335742
kitti_mini,000011,distance_threshold,0.1,0.15,0.1,0.5,10,42,40.0,15.0,37,11,9.5,-3.1029999256134033,-1.378999948501587,9.843000411987305,-2.943000078201294,-0.6102000117301941,0.3430004119873047,0.15999984741210938,0.7687999367713928,9.945413488653593
kitti_mini,000011,distance_threshold,0.1,0.15,0.1,0.5,10,42,40.0,15.0,38,13,8.798999786376953,-9.366000175476074,-0.8015000224113464,9.47599983215332,-8.440999984741211,-0.4415000081062317,0.6770000457763672,0.9250001907348633,0.36000001430511475,12.193148813291126
kitti_mini,000011,distance_threshold,0.3,0.15,0.3,0.5,10,42,40.0,15.0,0,512,22.354000091552734,-10.188499927520752,-0.8740000128746033,28.083999633789062,-5.438000202178955,1.1660000085830688,5.729999542236328,4.750499725341797,2.040000021457672,23.005937631229855
kitti_mini,000011,distance_threshold,0.3,0.15,0.3,0.5,10,42,40.0,15.0,1,16,38.013999938964844,5.400000095367432,1.0850000381469727,38.2859992980957,6.013000011444092,1.5169999599456787,0.2719993591308594,0.6129999160766602,0.43199992179870605,38.39562725610284
kitti_mini,000011,distance_threshold,0.3,0.15,0.3,0.5,10,42,40.0,15.0,2,2665,1.0273999929428101,8.279000282287598,-1.652999997138977,24.687000274658203,10.687000274658203,1.093999981880188,23.65960028171539,2.4079999923706055,2.746999979019165,8.342505404230614
kitti_mini,000011,distance_threshold,0.3,0.15,0.3,0.5,10,42,40.0,15.0,3,346,25.145000457763672,8.590999603271484,-1.2619999647140503,32.18299865722656,9.72700023651123,1.3380000591278076,7.037998199462891,1.136000633239746,2.600000023841858,26.572096684385787
kitti_mini,000011,distance_threshold,0.3,0.15,0.3,0.5,10,42,40.0,15.0,4,101,33.11199951171875,8.961000442504883,-1.1699999570846558,35.43600082397461,9.66100025177002,1.444000005722046,2.3240013122558594,0.6999998092651367,2.6139999628067017,34.303119983386864
kitti_mini,000011,distance_threshold,0.3,0.15,0.3,0.5,10,42,40.0,15.0,5,421,2.5453333059946694,4.269000053405762,-1.5119999647140503,6.273200130462646,5.864333311716716,-0.37400001287460327,3.7278668244679767,1.595333258310954,1.137999951839447,4.970219622369232
kitti_mini,000011,distance_threshold,0.3,0.15,0.3,0.5,10,42,40.0,15.0,6,73,11.71500015258789,-5.540999889373779,-1.0954999923706055,13.321000099182129,-4.658999919891357,0.34599998593330383,1.6059999465942383,0.8819999694824219,1.4414999783039093,12.607438630771993
kitti_mini,000011,distance_threshold,0.3,0.15,0.3,0.5,10,42,40.0,15.0,7,45,36.393001556396484,9.017999649047852,-1.0130000114440918,37.57400131225586,9.581000328063965,1.5110000371932983,1.180999755859375,0.5630006790161133,2.52400004863739,37.49366453087914
kitti_mini,000011,distance_threshold,0.3,0.15,0.3,0.5,10,42,40.0,15.0,8,47,7.546999931335449,-9.067000389099121,-0.9950000047683716,8.812999725341797,-7.769000053405762,-0.1889999955892563,1.2659997940063477,1.2980003356933594,0.8060000091791153,10.831185059512002
kitti_mini,000011,distance_threshold,0.3,0.15,0.3,0.5,10,42,40.0,15.0,9,697,1.003999948501587,-7.489500045776367,-1.1699999570846558,7.297999858856201,-5.301000118255615,0.47099998593330383,6.293999910354614,2.188499927520752,1.6409999430179596,5.39524032368691
kitti_mini,000011,distance_threshold,0.3,0.15,0.3,0.5,10,42,40.0,15.0,10,20,10.397000312805176,11.101999759674072,-0.5640000104904175,10.656000137329102,11.535999615987143,0.36399999260902405,0.2589998245239258,0.43399985631307025,0.9280000030994415,15.210260161097642
kitti_mini,000011,distance_threshold,0.3,0.15,0.3,0.5,10,42,40.0,15.0,11,132,1.021999994913737,-3.7163333098093667,-1.3057499825954437,2.6410000324249268,-2.078000068664551,-0.32474999874830246,1.6190000375111897,1.638333241144816,0.9809999838471413,2.31572197704594
kitti_mini,000011,distance_threshold,0.3,0.15,0.3,0.5,10,42,40.0,15.0,12,99,25.01300048828125,4.105999946594238,-1.1490000486373901,27.447999954223633,5.739999771118164,0.164000004529953,2.434999465942383,1.6339998245239258,1.3130000531673431,25.347769704417583
kitti_mini,000011,distance_threshold,0.3,0.15,0.3,0.5,10,42,40.0,15.0,13,15,34.683998107910156,-7.670000076293945,-0.5389999747276306,35.04199981689453,-7.043000221252441,0.7509999871253967,0.358001708984375,0.6269998550415039,1.2899999618530273,35.39185749386541
kitti_mini,000011,distance_threshold,0.3,0.15,0.3,0.5,10,42,40.0,15.0,14,12,10.826000213623047,-3.903499960899353,-1.003000020980835,11.149999618530273,-3.805000066757202,-0.4504999965429306,0.32399940490722656,0.09849989414215088,0.5525000244379044,11.475203969140965
kitti_mini,000011,distance_threshold,0.3,0.15,0.3,0.5,10,42,40.0,15.0,15,16,20.540000915527344,-8.236000061035156,0.029999999329447746,21.017000198364258,-7.993000030517578,0.9710000157356262,0.47699928283691406,0.24300003051757812,0.9410000164061785,22.04041032053891
kitti_mini,000011,distance_threshold,0.3,0.15,0.3,0.5,10,42,40.0,15.0,16,12,12.180000305175781,-6.385999917984009,-0.9850000143051147,12.65399980545044,-6.189000129699707,-0.4099999964237213,0.4739995002746582,0.19699978828430176,0.5750000178813934,13.662215414767296
kitti_mini,000011,distance_threshold,0.3,0.15,0.3,0.5,10,42,40.0,15.0,17,10,31.20199966430664,-6.40500020980835,0.15600000321865082,31.701000213623047,-6.206999778747559,0.9419999718666077,0.49900054931640625,0.19800043106079102,0.7859999686479568,31.813387579834437
kitti_mini,000011,distance_threshold,0.3,0.15,0.3,0.5,10,42,40.0,15.0,18,75,6.265000025431315,-13.782999992370605,-0.9589999914169312,7.260000228881836,-11.25100040435791,0.0,0.9950002034505205,2.5319995880126953,0.9589999914169312,12.877703033441804
kitti_mini,000011,distance_threshold,0.3,0.15,0.3,0.5,10,42,40.0,15.0,19,22,7.473999977111816,11.319000244140625,0.18299999833106995,7.923999786376953,12.765999794006348,0.2524999976158142,0.4499998092651367,1.4469995498657227,0.06949999928474426,13.563939036457034
kitti_mini,000011,distance_threshold,0.3,0.15,0.3,0.5,10,42,40.0,15.0,20,37,6.077000141143799,-14.95199966430664,-0.7123333414395651,7.1590001583099365,-14.404000282287598,0.257999986410141,1.0820000171661377,0.547999382019043,0.970333327849706,15.633462663389802
kitti_mini,000011,distance_threshold,0.3,0.15,0.3,0.5,10,42,40.0,15.0,21,14,6.624000072479248,-2.5369999408721924,-1.212666670481364,7.0329999923706055,-2.384999990463257,-0.5996999979019165,0.4089999198913574,0.15199995040893555,0.6129666725794475,7.040284221160025
kitti_mini,000011,distance_threshold,0.3,0.15,0.3,0.5,10,42,40.0,15.0,22,18,31.097999572753906,-4.171999931335449,-0.8100000023841858,31.552000045776367,-3.6610000133514404,-0.2329999953508377,0.45400047302246094,0.5109999179840088,0.5770000070333481,31.31275296943342
kitti_mini,000011,distance_threshold,0.3,0.15,0.3,0.5,10,42,40.0,15.0,23,17,39.388999938964844,9.057999610900879,-1.1019999980926514,39.73500061035156,9.586000442504883,-0.11500000208616257,0.34600067138671875,0.5280008316040039,0.9869999960064888,40.41708392676113
kitti_mini,000011,distance_threshold,0.3,0.15,0.3,0.5,10,42,40.0,15.0,24,14,5.069499969482422,-2.5360000133514404,-1.2178888850741916,5.459000110626221,-2.4070000648498535,-0.6410000085830688,0.38950014114379883,0.12899994850158691,0.5768888764911227,5.611905135760001
kitti_mini,000011,distance_threshold,0.3,0.15,0.3,0.5,10,42,40.0,15.0,25,39,16.059999465942383,7.686499834060669,-1.3559999465942383,16.461000442504883,8.25,-0.33019999861717225,0.4010009765625,0.563500165939331,1.025799947977066,17.804658450671955
kitti_mini,000011,distance_threshold,0.3,0.15,0.3,0.5,10,42,40.0,15.0,26,15,12.557999610900879,-7.926000118255615,-0.5902500003576279,12.970000267028809,-7.678999900817871,0.7120000123977661,0.4120006561279297,0.24700021743774414,1.302250012755394,14.71972804450366
kitti_mini,000011,distance_threshold,0.3,0.15,0.3,0.5,10,42,40.0,15.0,27,11,9.394499778747559,-10.444000244140625,-0.9330000281333923,9.972999572753906,-10.171000003814697,-0.41200000047683716,0.5784997940063477,0.27300024032592773,0.5210000276565552,13.845788788309841
kitti_mini,000011,distance_threshold,0.3,0.15,0.3,0.5,10,42,40.0,15.0,28,18,1.6030000448226929,-13.47950029373169,-0.5379999876022339,1.8029999732971191,-12.3125,-0.14999999850988388,0.19999992847442627,1.1670002937316895,0.38799998909235,12.416411131792534
kitti_mini,000011,distance_threshold,0.3,0.15,0.3,0.5,10,42,40.0,15.0,29,24,34.117000579833984,-2.5260000228881836,-0.6935000121593475,34.513999938964844,-1.809999942779541,0.3149999976158142,0.3969993591308594,0.7160000801086426,1.0085000097751617,34.1649795603225
kitti_mini,000011,distance_threshold,0.3,0.15,0.3,0.5,10,42,40.0,15.0,30,10,6.856500148773193,10.713000297546387,-0.8770000040531158,7.486000061035156,11.238500118255615,-0.7510000169277191,0.6294999122619629,0.5254998207092285,0.12599998712539673,12.719275516528281
kitti_mini,000011,distance_threshold,0.3,0.15,0.3,0.5,10,42,40.0,15.0,31,13,22.94499969482422,-10.04800033569336,-0.7680000066757202,23.2189998626709,-9.468000411987305,-0.3149999976158142,0.2740001678466797,0.5799999237060547,0.453000009059906,24.82168493065842
kitti_mini,000011,distance_threshold,0.3,0.15,0.3,0.5,10,42,40.0,15.0,32,17,4.789333343505859,-8.437999725341797,-0.6286666790644327,5.053999900817871,-8.1419997215271,0.07149999961256981,0.2646665573120117,0.29600000381469727,0.7001666786770026,9.446156538008694
kitti_mini,000011,distance_threshold,0.3,0.15,0.3,0.5,10,42,40.0,15.0,33,12,29.35700035095215,-4.504000186920166,-0.7540000081062317,29.690000534057617,-4.098999977111816,-0.21299999952316284,0.33300018310546875,0.4050002098083496,0.5410000085830688,29.641782510810096
kitti_mini,000011,distance_threshold,0.3,0.15,0.3,0.5,10,42,40.0,15.0,34,10,12.435999870300293,-10.940499782562256,-0.8339999914169312,12.849499702453613,-10.604000091552734,-0.3310000002384186,0.4134998321533203,0.3364996910095215,0.5029999911785126,16.343160976866113
kitti_mini,000011,distance_threshold,0.3,0.15,0.3,0.5,10,42,40.0,15.0,35,14,8.670999526977539,-9.366000175476074,-0.8015000224113464,9.47599983215332,-8.440999984741211,-0.4415000081062317,0.8050003051757812,0.9250001907348633,0.36000001430511475,12.101103814910681
kitti_mini,000049,eps,0.3,0.15,0.1,0.3,10,42,40.0,15.0,0,409,15.906999588012695,-13.755000114440918,-1.7145000100135803,17.548999786376953,-9.527000427246094,-0.21400000154972076,1.6420001983642578,4.227999687194824,1.5005000084638596,18.541746763284827
kitti_mini,000049,eps,0.3,0.15,0.1,0.3,10,42,40.0,15.0,1,1247,2.3940000534057617,-14.998000144958496,-1.9420000314712524,11.614500045776367,-12.317999839782715,0.8349999785423279,9.220499992370605,2.6800003051757812,2.7770000100135803,12.548480239000808
kitti_mini,000049,eps,0.3,0.15,0.1,0.3,10,42,40.0,15.0,2,327,12.553142820085798,2.3899999856948853,-1.3389999866485596,14.473999977111816,5.98799991607666,-0.08299999684095383,1.9208571570260187,3.597999930381775,1.2559999898076057,12.77863430078086
kitti_mini,000049,eps,0.3,0.15,0.1,0.3,10,42,40.0,15.0,3,62,20.601500511169434,3.030500054359436,-1.0219999551773071,21.57200050354004,4.348999977111816,0.03749999962747097,0.9704999923706055,1.3184999227523804,1.059499954804778,20.823202296745496
kitti_mini,000049,eps,0.3,0.15,0.1,0.3,10,42,40.0,15.0,4,186,1.0069999694824219,2.924999952316284,-1.5237500369548798,2.7073334058125815,4.815999984741211,-0.11600000038743019,1.7003334363301597,1.8910000324249268,1.4077500365674496,3.093488913765146
kitti_mini,000049,eps,0.3,0.15,0.1,0.3,10,42,40.0,15.0,5,472,5.079199981689453,2.3070000410079956,-1.5256666739781697,8.612000465393066,5.525333245595296,0.5199999809265137,3.532800483703613,3.2183332045873003,2.045666654904683,5.578577026734061
kitti_mini,000049,eps,0.3,0.15,0.1,0.3,10,42,40.0,15.0,6,63,6.584000110626221,13.535499811172485,-0.9305000007152557,8.133999824523926,14.116000175476074,-0.05420000068843365,1.549999713897705,0.5805003643035889,0.8763000000268221,15.051870734064137
kitti_mini,000049,eps,0.3,0.15,0.1,0.3,10,42,40.0,15.0,7,604,1.0073333581288655,-4.940000057220459,-1.6959999799728394,5.421000003814697,-2.4159998893737793,-0.09300000220537186,4.413666645685832,2.5240001678466797,1.6029999777674675,2.6175897233625616
kitti_mini,000049,eps,0.3,0.15,0.1,0.3,10,42,40.0,15.0,8,23,8.641999880472818,7.365000009536743,-0.6435000002384186,9.343000411987305,7.765999794006348,-0.09533333281675975,0.7010005315144863,0.4009997844696045,0.5481666674216589,11.354619635838464
kitti_mini,000049,eps,0.3,0.15,0.1,0.3,10,42,40.0,15.0,9,175,2.1519999504089355,7.265999794006348,-1.4049999713897705,4.764999866485596,8.875,-0.18050000071525574,2.61299991607666,1.6090002059936523,1.2244999706745148,7.577985008764556
kitti_mini,000049,eps,0.3,0.15,0.1,0.3,10,42,40.0,15.0,10,37,18.356000900268555,4.25600004196167,-0.06199999898672104,18.717500686645508,4.664499998092651,0.8539999723434448,0.3614997863769531,0.40849995613098145,0.9159999713301659,18.842937812555604
kitti_mini,000049,eps,0.3,0.15,0.1,0.3,10,42,40.0,15.0,11,157,7.9079999923706055,-4.2416666348775225,-1.6069999933242798,11.605999946594238,-3.306666692097982,-0.33119999766349795,3.697999954223633,0.9349999427795406,1.275799995660782,8.571493947496183
kitti_mini,000049,eps,0.3,0.15,0.1,0.3,10,42,40.0,15.0,12,119,10.158999919891357,7.117500066757202,-1.2269999980926514,11.95550012588501,8.293000221252441,-0.23499999940395355,1.7965002059936523,1.1755001544952393,0.9919999986886978,12.40419632917189
kitti_mini,000049,eps,0.3,0.15,0.1,0.3,10,42,40.0,15.0,13,140,15.842666784922281,7.123000144958496,-1.2309999465942383,18.38800048828125,8.258333524068197,0.0560000017285347,2.5453337033589687,1.1353333791097011,1.286999948322773,17.37029711672079
kitti_mini,000049,eps,0.3,0.15,0.1,0.3,10,42,40.0,15.0,14,77,18.347000122070312,-4.336999893188477,-1.3359999656677246,19.215999603271484,-3.375,0.1770000010728836,0.8689994812011719,0.9619998931884766,1.5129999667406082,18.65483954579208
kitti_mini,000049,eps,0.3,0.15,0.1,0.3,10,42,40.0,15.0,15,79,20.17033322652181,-1.218000054359436,-1.2120000123977661,20.604000091552734,0.40400001406669617,-0.3310000002384186,0.43366686503092566,1.6220000684261322,0.8810000121593475,20.17033322652181
kitti_mini,000049,eps,0.3,0.15,0.1,0.3,10,42,40.0,15.0,16,16,18.836750030517578,-9.773499965667725,-0.7620000243186951,19.451000213623047,-9.539000034332275,-0.24849999696016312,0.6142501831054688,0.23449993133544922,0.513500027358532,21.114347571431022
kitti_mini,000049,eps,0.3,0.15,0.1,0.3,10,42,40.0,15.0,17,14,27.231499671936035,-12.17300033569336,-0.21199999749660492,27.518999099731445,-11.8100004196167,0.3009999990463257,0.28749942779541016,0.36299991607666016,0.5129999965429306,29.682161044876754
kitti_mini,000049,eps,0.3,0.15,0.1,0.3,10,42,40.0,15.0,18,38,15.828500270843506,2.23799991607666,-1.3459999561309814,16.913000106811523,2.871000051498413,-0.9350000023841858,1.0844998359680176,0.6330001354217529,0.41099995374679565,15.98593333053945
kitti_mini,000049,eps,0.3,0.15,0.1,0.3,10,42,40.0,15.0,19,25,7.452500104904175,-9.104499816894531,-0.5210000276565552,7.65149998664856,-8.847999572753906,0.573500007390976,0.19899988174438477,0.256500244140625,1.0945000350475311,11.568355728151259
kitti_mini,000049,eps,0.3,0.15,0.1,0.3,10,42,40.0,15.0,20,42,31.03499984741211,-13.357999801635742,-0.26899999380111694,31.527000427246094,-12.543999671936035,0.7229999899864197,0.4920005798339844,0.814000129699707,0.9919999837875366,33.47421609684685
kitti_mini,000049,eps,0.3,0.15,0.1,0.3,10,42,40.0,15.0,21,15,3.630000114440918,8.324000358581543,-0.75300000111262,4.003124982118607,8.961666425069174,-0.48362500220537186,0.3731248676776886,0.6376660664876308,0.26937499890724814,9.081072778064645
kitti_mini,000049,eps,0.3,0.15,0.1,0.3,10,42,40.0,15.0,22,166,13.208333651224772,-4.789000034332275,-1.4620000123977661,15.494999885559082,-3.2869999408721924,-0.2639999985694885,2.2866662343343105,1.502000093460083,1.1980000138282776,13.611188282195295
kitti_mini,000049,eps,0.3,0.15,0.1,0.3,10,42,40.0,15.0,23,148,2.992857115609305,2.868000030517578,-1.468000054359436,4.390999794006348,4.184000015258789,-0.35499998927116394,1.3981426783970425,1.315999984741211,1.113000065088272,4.145192141445566
kitti_mini,000049,eps,0.3,0.15,0.1,0.3,10,42,40.0,15.0,24,17,31.308000564575195,-10.795999526977539,-0.8560000061988831,31.493999481201172,-9.894500255584717,-0.4860000014305115,0.18599891662597656,0.9014992713928223,0.3700000047683716,32.83431184994147
kitti_mini,000049,eps,0.3,0.15,0.1,0.3,10,42,40.0,15.0,25,10,28.91266695658366,4.2129998207092285,0.29899999499320984,29.05299949645996,4.551000118255615,0.6539999842643738,0.1403325398763009,0.3380002975463867,0.35499998927116394,29.21800263590276
kitti_mini,000049,eps,0.3,0.15,0.1,0.3,10,42,40.0,15.0,26,59,1.0049999952316284,-13.038000106811523,-1.9010000228881836,1.8805000185966492,-12.584499835968018,-0.5860000252723694,0.8755000233650208,0.45350027084350586,1.3149999976158142,12.62456577914245
kitti_mini,000049,eps,0.3,0.15,0.1,0.3,10,42,40.0,15.0,27,31,23.729999542236328,2.7160000801086426,-0.8880000114440918,24.44499969482422,3.39300004641215,-0.3020000010728836,0.7150001525878906,0.6769999663035073,0.5860000103712082,23.884922748664827
kitti_mini,000049,eps,0.3,0.15,0.1,0.3,10,42,40.0,15.0,28,67,8.442000389099121,5.5959999561309814,-1.3960000276565552,9.824999809265137,6.745999813079834,-0.8500000238418579,1.3829994201660156,1.1499998569488525,0.5460000038146973,10.128306180135336
kitti_mini,000049,eps,0.3,0.15,0.1,0.3,10,42,40.0,15.0,29,16,11.489999771118164,-9.458000183105469,-1.6100000143051147,11.975000381469727,-8.695500373840332,-1.4459999799728394,0.4850006103515625,0.7624998092651367,0.1640000343322754,14.40943515519442
kitti_mini,000049,eps,0.3,0.15,0.1,0.3,10,42,40.0,15.0,30,25,21.35099983215332,-9.920000076293945,-0.8709999918937683,22.297499656677246,-9.583999633789062,-0.2930000126361847,0.9464998245239258,0.3360004425048828,0.5779999792575836,23.40338101243237
kitti_mini,000049,eps,0.3,0.15,0.1,0.3,10,42,40.0,15.0,31,77,5.8420000076293945,7.548500061035156,-1.3279999494552612,6.835750102996826,8.731500148773193,-0.53575000166893,0.9937500953674316,1.183000087738037,0.7922499477863312,9.545093884325581
kitti_mini,000049,eps,0.3,0.15,0.1,0.3,10,42,40.0,15.0,32,22,9.208999633789062,-4.004000186920166,-0.7409999966621399,9.829999923706055,-3.433000087738037,-0.25999999046325684,0.6210002899169922,0.5710000991821289,0.48100000619888306,9.828080375003882
kitti_mini,000049,eps,0.3,0.15,0.1,0.3,10,42,40.0,15.0,33,21,11.163999557495117,-8.20199966430664,-1.6507500410079956,11.972750186920166,-7.497249960899353,-1.5149999856948853,0.8087506294250488,0.7047497034072876,0.13575005531311035,13.447811833006755
kitti_mini,000049,eps,0.3,0.15,0.1,0.3,10,42,40.0,15.0,34,11,6.245750069618225,13.67199993133545,-0.3799999952316284,6.5273332595825195,13.9350004196167,-0.008333333457509676,0.28158318996429443,0.26300048828125,0.3716666617741187,15.031067029807717
kitti_mini,000049,eps,0.3,0.15,0.1,0.3,10,42,40.0,15.0,35,13,17.559999465942383,-9.6899995803833,-0.9490000009536743,18.201000213623047,-9.526000022888184,-0.4410000145435333,0.6410007476806641,0.1639995574951172,0.507999986410141,19.977443722357535
kitti_mini,000049,eps,0.3,0.15,0.1,0.3,10,42,40.0,15.0,36,10,26.464000701904297,2.4010000228881836,-1.1319999694824219,26.843000411987305,2.9070000648498535,-0.8349999785423279,0.3789997100830078,0.5060000419616699,0.296999990940094,26.572695276548448
kitti_mini,000049,eps,0.3,0.15,0.1,0.3,10,42,40.0,15.0,37,21,32.393001556396484,-4.314000129699707,-0.8429999947547913,32.68000030517578,-3.8429999351501465,-0.052000001072883606,0.2869987487792969,0.47100019454956055,0.7909999936819077,32.62016551665962
kitti_mini,000049,eps,0.3,0.15,0.1,0.3,10,42,40.0,15.0,38,16,2.966727278449319,-4.5929999351501465,-0.8949999809265137,3.299999952316284,-4.225105310741224,-0.5432857189859662,0.33327267386696535,0.3678946244089225,0.35171426194054745,5.162652964469817
kitti_mini,000049,eps,0.3,0.15,0.1,0.3,10,42,40.0,15.0,39,23,13.373000144958496,7.039000034332275,-1.2399999698003132,13.854999542236328,7.205999851226807,-0.3425000011920929,0.48199939727783203,0.16699981689453125,0.8974999686082203,15.112400681572392
kitti_mini,000049,eps,0.3,0.15,0.1,0.3,10,42,40.0,15.0,40,10,3.4045000076293945,-4.891600036621094,-0.973428555897304,3.822000026702881,-4.638999938964844,-0.8140000104904175,0.41750001907348633,0.25260009765625036,0.15942854540688656,5.754210696148028
kitti_mini,000049,eps,0.3,0.15,0.1,0.3,10,42,40.0,15.0,41,10,7.460333347320557,7.537000020345052,-0.24699999392032623,7.920000076293945,7.818749904632568,-0.08299999684095383,0.45966672897338867,0.28174988428751657,0.1639999970793724,10.60485468829368
kitti_mini,000049,eps,0.3,0.15,0.1,0.3,10,42,40.0,15.0,42,17,19.60300064086914,-9.598999977111816,-0.7950000166893005,20.316999435424805,-9.515999794006348,-0.36399999260902405,0.7139987945556641,0.08300018310546875,0.4310000240802765,21.79063758143494
kitti_mini,000049,eps,0.3,0.15,0.1,0.3,10,42,40.0,15.0,43,12,7.067999839782715,14.548749923706055,-0.4320000112056732,7.247000217437744,14.97599983215332,-0.13699999451637268,0.1790003776550293,0.4272499084472656,0.29500001668930054,16.174756445699742
kitti_mini,000049,eps,0.3,0.15,0.1,0.3,10,42,40.0,15.0,44,6,18.22700023651123,-9.628499984741211,-0.8389999866485596,18.51699924468994,-9.581000328063965,-0.4594999998807907,0.28999900817871094,0.047499656677246094,0.37949998676776886,20.591724184927845
kitti_mini,000049,eps,0.3,0.15,0.1,0.3,10,42,40.0,15.0,45,12,8.353666305541992,-4.696000099182129,-0.4999999900658925,8.701000213623047,-4.209111160702175,-0.34200000017881393,0.3473339080810547,0.48688893847995374,0.15799998988707858,9.354162576494767
kitti_mini,000049,eps,0.3,0.15,0.1,0.3,10,42,40.0,15.0,46,10,3.0969999631245932,8.517333348592123,-0.6095000207424164,3.1899999380111694,8.942500114440918,-0.421999990940094,0.09299997488657619,0.425166765848795,0.1875000298023224,9.06291212263659
kitti_mini,000049,eps,0.3,0.15,0.1,0.3,10,42,40.0,15.0,47,7,15.541000366210938,-3.4089999198913574,-1.1345000267028809,15.89549970626831,-3.3040000200271606,-0.6970000267028809,0.35449934005737305,0.10499989986419678,0.4375,15.888332464890958
kitti_mini,000049,eps,0.3,0.15,0.1,0.3,10,42,40.0,15.0,48,11,16.026000022888184,-3.4149999618530273,-1.4509999752044678,16.572999954223633,-3.2690000534057617,-1.0369999408721924,0.5469999313354492,0.14599990844726562,0.4140000343322754,16.356009234614014
kitti_mini,000049,eps,0.3,0.15,0.1,0.3,10,42,40.0,15.0,49,13,10.187500238418579,-7.790000081062317,-1.6688000202178954,10.898499965667725,-7.360400009155273,-1.5759999752044678,0.7109997272491455,0.42960007190704363,0.09280004501342765,12.568239709782414
kitti_mini,000049,eps,0.5,0.15,0.1,0.5,10,42,40.0,15.0,0,1363,1.0049999952316284,-14.998000144958496,-1.9699999690055847,11.614500045776367,-11.84725022315979,0.8349999785423279,10.609500050544739,3.150749921798706,2.8049999475479126,11.889800790617782
kitti_mini,000049,eps,0.5,0.15,0.1,0.5,10,42,40.0,15.0,1,644,15.906999588012695,-13.960000038146973,-1.7145000100135803,26.27199935913086,-9.069999694824219,0.47699999809265137,10.364999771118164,4.890000343322754,2.1915000081062317,18.311131323791752
kitti_mini,000049,eps,0.5,0.15,0.1,0.5,10,42,40.0,15.0,2,338,12.553142820085798,2.3899999856948853,-1.3389999866485596,14.473999977111816,5.98799991607666,0.004000000189989805,1.9208571570260187,3.597999930381775,1.3429999868385494,12.77863430078086
kitti_mini,000049,eps,0.5,0.15,0.1,0.5,10,42,40.0,15.0,3,80,20.601500511169434,3.030500054359436,-1.1570000052452087,21.726500511169434,4.7870001792907715,0.03749999962747097,1.125,1.7565001249313354,1.1945000048726797,20.823202296745496
kitti_mini,000049,eps,0.5,0.15,0.1,0.5,10,42,40.0,15.0,4,117,20.17033322652181,-1.2269999980926514,-1.3519999980926514,21.31399917602539,0.4790000021457672,-0.08500000089406967,1.143665949503582,1.7060000002384186,1.2669999971985817,20.17033322652181
kitti_mini,000049,eps,0.5,0.15,0.1,0.5,10,42,40.0,15.0,5,480,5.079199981689453,2.3070000410079956,-1.5256666739781697,8.894000053405762,5.525333245595296,0.5199999809265137,3.8148000717163084,3.2183332045873003,2.045666654904683,5.578577026734061
kitti_mini,000049,eps,0.5,0.15,0.1,0.5,10,42,40.0,15.0,6,186,1.0069999694824219,2.924999952316284,-1.5237500369548798,2.7073334058125815,4.815999984741211,-0.11600000038743019,1.7003334363301597,1.8910000324249268,1.4077500365674496,3.093488913765146
kitti_mini,000049,eps,0.5,0.15,0.1,0.5,10,42,40.0,15.0,7,118,5.385999917984009,13.535499811172485,-0.9305000007152557,8.133999824523926,14.97599983215332,0.08399999886751175,2.747999906539917,1.440500020980835,1.0144999995827675,14.567729756375018
kitti_mini,000049,eps,0.5,0.15,0.1,0.5,10,42,40.0,15.0,8,86,31.03499984741211,-13.472999572753906,-0.2930000126361847,33.327999114990234,-12.446999549865723,0.984000027179718,2.292999267578125,1.0260000228881836,1.2770000398159027,33.43798757884851
kitti_mini,000049,eps,0.5,0.15,0.1,0.5,10,42,40.0,15.0,9,122,10.187500238418579,-10.005999565124512,-1.6688000202178954,13.26200008392334,-7.185499906539917,-1.4459999799728394,3.0744998455047607,2.8204996585845947,0.22280004024505606,12.466618226875473
kitti_mini,000049,eps,0.5,0.15,0.1,0.5,10,42,40.0,15.0,10,37,18.356000900268555,4.25600004196167,-0.06199999898672104,18.717500686645508,4.664499998092651,0.8539999723434448,0.3614997863769531,0.40849995613098145,0.9159999713301659,18.842937812555604
kitti_mini,000049,eps,0.5,0.15,0.1,0.5,10,42,40.0,15.0,11,170,18.347000122070312,-5.0879998207092285,-1.3985000252723694,21.96500015258789,-3.2839999198913574,0.27000001072883606,3.618000030517578,1.803999900817871,1.6685000360012054,18.63859085212974
kitti_mini,000049,eps,0.5,0.15,0.1,0.5,10,42,40.0,15.0,12,17,15.322999954223633,-10.957000255584717,-1.6650000214576721,15.638999938964844,-9.472500324249268,-1.5709999799728394,0.31599998474121094,1.4844999313354492,0.09400004148483276,18.01451053984093
kitti_mini,000049,eps,0.5,0.15,0.1,0.5,10,42,40.0,15.0,13,139,5.8420000076293945,7.365000009536743,-1.3279999494552612,9.343000411987305,8.746000289916992,-0.08299999684095383,3.50100040435791,1.381000280380249,1.2449999526143074,9.40064834091873
kitti_mini,000049,eps,0.5,0.15,0.1,0.5,10,42,40.0,15.0,14,654,1.0073333581288655,-4.9679999351501465,-1.6970000267028809,5.421000003814697,-2.4159998893737793,-0.09300000220537186,4.413666645685832,2.552000045776367,1.604000024497509,2.6175897233625616
kitti_mini,000049,eps,0.5,0.15,0.1,0.5,10,42,40.0,15.0,15,209,2.1519999504089355,7.265999794006348,-1.4049999713897705,4.764999866485596,8.961666425069174,-0.14800000190734863,2.61299991607666,1.6956666310628261,1.2569999694824219,7.577985008764556
kitti_mini,000049,eps,0.5,0.15,0.1,0.5,10,42,40.0,15.0,16,166,2.992857115609305,2.868000030517578,-1.468000054359436,4.390999794006348,4.458499908447266,0.010499999858438969,1.3981426783970425,1.5904998779296875,1.478500054217875,4.145192141445566
kitti_mini,000049,eps,0.5,0.15,0.1,0.5,10,42,40.0,15.0,17,214,7.9079999923706055,-4.696000099182129,-1.6069999933242798,11.605999946594238,-3.306666692097982,-0.25999999046325684,3.697999954223633,1.389333407084147,1.347000002861023,8.571493947496183
kitti_mini,000049,eps,0.5,0.15,0.1,0.5,10,42,40.0,15.0,18,167,10.158999919891357,7.117500066757202,-1.2269999980926514,12.654999732971191,8.861000061035156,0.0035000001080334187,2.495999813079834,1.743499994277954,1.2304999982006848,12.40419632917189
kitti_mini,000049,eps,0.5,0.15,0.1,0.5,10,42,40.0,15.0,19,18,30.992000579833984,2.4860000610351562,-0.6320000290870667,32.0880012512207,3.5390000343322754,-0.2370000034570694,1.0960006713867188,1.0529999732971191,0.39500002562999725,31.091547022364402
kitti_mini,000049,eps,0.5,0.15,0.1,0.5,10,42,40.0,15.0,20,186,15.842666784922281,7.078999996185303,-1.2309999465942383,18.854000091552734,8.855999946594238,0.05700000002980232,3.011333306630453,1.7769999504089355,1.2879999466240406,17.352300475846747
kitti_mini,000049,eps,0.5,0.15,0.1,0.5,10,42,40.0,15.0,21,12,36.83250045776367,1.9010000228881836,-0.9929999709129333,37.80699920654297,2.7720000743865967,-0.5855000019073486,0.9744987487792969,0.8710000514984131,0.4074999690055847,36.881525064158915
kitti_mini,000049,eps,0.5,0.15,0.1,0.5,10,42,40.0,15.0,22,26,27.231499671936035,-12.178000450134277,-0.21299999952316284,27.638999938964844,-11.76099967956543,1.0369999408721924,0.4075002670288086,0.41700077056884766,1.2499999403953552,29.662698593442077
kitti_mini,000049,eps,0.5,0.15,0.1,0.5,10,42,40.0,15.0,23,19,28.805999755859375,4.2129998207092285,0.29899999499320984,29.05500030517578,4.598999977111816,1.2029999494552612,0.24900054931640625,0.3860001564025879,0.9039999544620514,29.11245419788353
kitti_mini,000049,eps,0.5,0.15,0.1,0.5,10,42,40.0,15.0,24,57,15.828500270843506,2.1470000743865967,-1.3459999561309814,17.93000030517578,2.9630000591278076,-0.8389999866485596,2.1015000343322754,0.8159999847412109,0.5069999694824219,15.973447659898254
kitti_mini,000049,eps,0.5,0.15,0.1,0.5,10,42,40.0,15.0,25,213,13.208333651224772,-4.789000034332275,-1.4639999866485596,16.762499809265137,-3.2690000534057617,-0.2639999985694885,3.554166158040365,1.5199999809265137,1.199999988079071,13.60685265560128
kitti_mini,000049,eps,0.5,0.15,0.1,0.5,10,42,40.0,15.0,26,29,7.452500104904175,-9.109000205993652,-0.5210000276565552,8.04699993133545,-8.847999572753906,0.6190000176429749,0.5944998264312744,0.2610006332397461,1.14000004529953,11.568355728151259
kitti_mini,000049,eps,0.5,0.15,0.1,0.5,10,42,40.0,15.0,27,16,26.753999710083008,-9.928000450134277,-1.2640000581741333,27.726999282836914,-9.692000389099121,-0.39500001072883606,0.9729995727539062,0.23600006103515625,0.8690000474452972,28.455427813150504
kitti_mini,000049,eps,0.5,0.15,0.1,0.5,10,42,40.0,15.0,28,50,31.09600067138672,-11.069000244140625,-1.2829999923706055,31.632999420166016,-8.539999961853027,0.15600000321865082,0.5369987487792969,2.5290002822875977,1.4389999955892563,32.24736977031356
kitti_mini,000049,eps,0.5,0.15,0.1,0.5,10,42,40.0,15.0,29,15,25.709999084472656,7.482499837875366,-0.17299999296665192,26.546000480651855,8.475000381469727,0.164000004529953,0.8360013961791992,0.9925005435943604,0.3369999974966049,26.776703619889243
kitti_mini,000049,eps,0.5,0.15,0.1,0.5,10,42,40.0,15.0,30,26,16.23200035095215,-9.076000213623047,-0.9449999928474426,16.55900001525879,-8.908999919891357,0.8460000157356262,0.3269996643066406,0.16700029373168945,1.7910000085830688,18.516158212921354
kitti_mini,000049,eps,0.5,0.15,0.1,0.5,10,42,40.0,15.0,31,27,3.9019999504089355,13.9399995803833,-0.871999979019165,5.288000106811523,14.942999839782715,-0.3790000081062317,1.386000156402588,1.003000259399414,0.49299997091293335,14.47581403286454
kitti_mini,000049,eps,0.5,0.15,0.1,0.5,10,42,40.0,15.0,32,14,27.329999923706055,-8.642000198364258,-0.20100000500679016,27.742000579833984,-8.434000015258789,1.0049999952316284,0.4120006561279297,0.20800018310546875,1.2060000002384186,28.601770086607544
kitti_mini,000049,eps,0.5,0.15,0.1,0.5,10,42,40.0,15.0,33,10,36.577999114990234,-14.515999794006348,1.1009999513626099,36.979000091552734,-13.66100025177002,1.2960000038146973,0.4010009765625,0.8549995422363281,0.1950000524520874,39.04578014504368
kitti_mini,000049,eps,0.5,0.15,0.1,0.5,10,42,40.0,15.0,34,43,23.729999542236328,2.7119998931884766,-1.0579999685287476,24.908000946044922,3.497999906539917,0.014000000432133675,1.1780014038085938,0.7860000133514404,1.0719999689608812,23.884468210433127
kitti_mini,000049,eps,0.5,0.15,0.1,0.5,10,42,40.0,15.0,35,14,16.47100067138672,13.258999824523926,-0.7570000290870667,17.393999099731445,13.442000389099121,-0.10199999809265137,0.9229984283447266,0.1830005645751953,0.6550000309944153,21.14461963392927
kitti_mini,000049,eps,0.5,0.15,0.1,0.5,10,42,40.0,15.0,36,69,8.347000122070312,5.5959999561309814,-1.3960000276565552,9.824999809265137,6.745999813079834,-0.8500000238418579,1.4779996871948242,1.1499998569488525,0.5460000038146973,10.04925999996317
kitti_mini,000049,eps,0.5,0.15,0.1,0.5,10,42,40.0,15.0,37,17,31.033000946044922,-14.88100004196167,0.15399999916553497,31.170000076293945,-13.954999923706055,0.7329999804496765,0.13699913024902344,0.9260001182556152,0.5789999812841415,34.026301159365836
kitti_mini,000049,eps,0.5,0.15,0.1,0.5,10,42,40.0,15.0,38,25,14.1899995803833,-10.949000358581543,-1.684000015258789,14.60699987411499,-8.736000061035156,-1.5390000343322754,0.41700029373168945,2.2130002975463867,0.14499998092651367,16.663546596018644
kitti_mini,000049,eps,0.5,0.15,0.1,0.5,10,42,40.0,15.0,39,31,32.393001556396484,-4.314000129699707,-1.0820000171661377,33.132999420166016,-3.6760001182556152,0.15550000220537186,0.7399978637695312,0.6380000114440918,1.2375000193715096,32.600912973444785
kitti_mini,000049,eps,0.5,0.15,0.1,0.5,10,42,40.0,15.0,40,24,13.373000144958496,7.039000034332275,-1.2399999698003132,13.854999542236328,7.260000228881836,-0.20000000298023224,0.48199939727783203,0.22100019454956055,1.039999966820081,15.112400681572392
kitti_mini,000049,eps,0.5,0.15,0.1,0.5,10,42,40.0,15.0,41,10,17.770000457763672,13.925000190734863,-0.2770000100135803,18.089000701904297,14.807000160217285,0.17100000381469727,0.319000244140625,0.8819999694824219,0.4480000138282776,22.57606136111627
kitti_mini,000049,eps,0.5,0.15,0.1,0.5,10,42,40.0,15.0,42,13,17.200000762939453,-13.649999618530273,-1.5789999961853027,17.982999801635742,-13.375,-0.9014999866485596,0.7829990386962891,0.27499961853027344,0.6775000095367432,21.788314557237275
kitti_mini,000049,eps,0.5,0.15,0.1,0.5,10,42,40.0,15.0,43,34,26.364999771118164,1.996000051498413,-1.1610000133514404,27.7810001373291,3.01200008392334,-0.3709999918937683,1.4160003662109375,1.0160000324249268,0.7900000214576721,26.44044684071437
kitti_mini,000049,eps,0.8,0.15,0.1,0.8,10,42,40.0,15.0,0,174,18.347000122070312,-5.0879998207092285,-1.3985000252723694,22.106000900268555,-3.2839999198913574,0.27000001072883606,3.759000778198242,1.803999900817871,1.6685000360012054,18.63859085212974
kitti_mini,000049,eps,0.8,0.15,0.1,0.8,10,42,40.0,15.0,1,1373,1.0049999952316284,-14.998000144958496,-1.971666693687439,11.614500045776367,-11.496000051498413,0.8349999785423279,10.609500050544739,3.502000093460083,2.806666672229767,11.539845847084226
kitti_mini,000049,eps,0.8,0.15,0.1,0.8,10,42,40.0,15.0,2,741,15.219500064849854,-14.196999549865723,-1.7145000100135803,27.726999282836914,-8.258000373840332,1.1399999856948853,12.50749921798706,5.938999176025391,2.8544999957084656,17.315535001792806
kitti_mini,000049,eps,0.8,0.15,0.1,0.8,10,42,40.0,15.0,3,339,12.553142820085798,2.3899999856948853,-1.3389999866485596,14.473999977111816,5.98799991607666,0.004000000189989805,1.9208571570260187,3.597999930381775,1.3429999868385494,12.77863430078086
kitti_mini,000049,eps,0.8,0.15,0.1,0.8,10,42,40.0,15.0,4,19,28.805999755859375,4.2129998207092285,0.29899999499320984,29.05500030517578,4.598999977111816,1.2029999494552612,0.24900054931640625,0.3860001564025879,0.9039999544620514,29.11245419788353
kitti_mini,000049,eps,0.8,0.15,0.1,0.8,10,42,40.0,15.0,5,91,20.601500511169434,3.030500054359436,-1.1570000052452087,22.307000160217285,4.7870001792907715,0.03749999962747097,1.7054996490478516,1.7565001249313354,1.1945000048726797,20.823202296745496
kitti_mini,000049,eps,0.8,0.15,0.1,0.8,10,42,40.0,15.0,6,120,20.17033322652181,-1.2269999980926514,-1.3519999980926514,21.99400043487549,0.4790000021457672,-0.08500000089406967,1.8236672083536796,1.7060000002384186,1.2669999971985817,20.17033322652181
kitti_mini,000049,eps,0.8,0.15,0.1,0.8,10,42,40.0,15.0,7,550,5.079199981689453,2.3070000410079956,-1.5256666739781697,9.824999809265137,6.745999813079834,0.5199999809265137,4.745799827575683,4.438999772071838,2.045666654904683,5.578577026734061
kitti_mini,000049,eps,0.8,0.15,0.1,0.8,10,42,40.0,15.0,8,361,1.0069999694824219,2.868000030517578,-1.5237500369548798,4.586166620254517,4.815999984741211,0.010499999858438969,3.5791666507720947,1.9479999542236328,1.5342500368133187,3.0396501630264012
kitti_mini,000049,eps,0.8,0.15,0.1,0.8,10,42,40.0,15.0,9,157,3.9019999504089355,13.531999588012695,-0.9305000007152557,8.133999824523926,14.97599983215332,0.08399999886751175,4.23199987411499,1.444000244140625,1.0144999995827675,14.083345357654448
kitti_mini,000049,eps,0.8,0.15,0.1,0.8,10,42,40.0,15.0,10,111,31.033000946044922,-14.949999809265137,-0.2930000126361847,33.327999114990234,-12.446999549865723,0.984000027179718,2.2949981689453125,2.503000259399414,1.2770000398159027,33.4361323348198
kitti_mini,000049,eps,0.8,0.15,0.1,0.8,10,42,40.0,15.0,11,122,10.187500238418579,-10.005999565124512,-1.6688000202178954,13.26200008392334,-7.185499906539917,-1.4459999799728394,3.0744998455047607,2.8204996585845947,0.22280004024505606,12.466618226875473
kitti_mini,000049,eps,0.8,0.15,0.1,0.8,10,42,40.0,15.0,12,37,18.356000900268555,4.25600004196167,-0.06199999898672104,18.717500686645508,4.664499998092651,0.8539999723434448,0.3614997863769531,0.40849995613098145,0.9159999713301659,18.842937812555604
kitti_mini,000049,eps,0.8,0.15,0.1,0.8,10,42,40.0,15.0,13,27,25.709999084472656,7.315999984741211,-0.19300000369548798,27.253000259399414,8.859000205993652,0.164000004529953,1.5430011749267578,1.5430002212524414,0.357000008225441,26.73065484982211
kitti_mini,000049,eps,0.8,0.15,0.1,0.8,10,42,40.0,15.0,14,152,5.8420000076293945,7.365000009536743,-1.3279999494552612,9.343000411987305,8.746000289916992,-0.039000000804662704,3.50100040435791,1.381000280380249,1.2889999486505985,9.40064834091873
kitti_mini,000049,eps,0.8,0.15,0.1,0.8,10,42,40.0,15.0,15,655,1.0073333581288655,-4.9679999351501465,-1.6970000267028809,5.421000003814697,-2.4159998893737793,-0.09300000220537186,4.413666645685832,2.552000045776367,1.604000024497509,2.6175897233625616
kitti_mini,000049,eps,0.8,0.15,0.1,0.8,10,42,40.0,15.0,16,209,2.1519999504089355,7.265999794006348,-1.4049999713897705,4.764999866485596,8.961666425069174,-0.14800000190734863,2.61299991607666,1.6956666310628261,1.2569999694824219,7.577985008764556
kitti_mini,000049,eps,0.8,0.15,0.1,0.8,10,42,40.0,15.0,17,214,7.9079999923706055,-4.696000099182129,-1.6069999933242798,11.605999946594238,-3.306666692097982,-0.25999999046325684,3.697999954223633,1.389333407084147,1.347000002861023,8.571493947496183
kitti_mini,000049,eps,0.8,0.15,0.1,0.8,10,42,40.0,15.0,18,41,6.692999958992004,-9.109000205993652,-0.5210000276565552,8.930999755859375,-7.7904285703386575,0.6190000176429749,2.2379997968673706,1.3185716356549948,1.14000004529953,10.270687696576884
kitti_mini,000049,eps,0.8,0.15,0.1,0.8,10,42,40.0,15.0,19,171,10.158999919891357,7.117500066757202,-1.2269999980926514,13.287500381469727,8.861000061035156,0.0035000001080334187,3.128500461578369,1.743499994277954,1.2304999982006848,12.40419632917189
kitti_mini,000049,eps,0.8,0.15,0.1,0.8,10,42,40.0,15.0,20,18,30.992000579833984,2.4860000610351562,-0.6320000290870667,32.0880012512207,3.5390000343322754,-0.2370000034570694,1.0960006713867188,1.0529999732971191,0.39500002562999725,31.091547022364402
kitti_mini,000049,eps,0.8,0.15,0.1,0.8,10,42,40.0,15.0,21,186,15.842666784922281,7.078999996185303,-1.2309999465942383,18.854000091552734,8.855999946594238,0.05700000002980232,3.011333306630453,1.7769999504089355,1.2879999466240406,17.352300475846747
kitti_mini,000049,eps,0.8,0.15,0.1,0.8,10,42,40.0,15.0,22,18,36.704999923706055,1.9010000228881836,-0.9929999709129333,38.53099822998047,2.7720000743865967,-0.5855000019073486,1.825998306274414,0.8710000514984131,0.4074999690055847,36.75419459716513
kitti_mini,000049,eps,0.8,0.15,0.1,0.8,10,42,40.0,15.0,23,16,36.577999114990234,-14.946999549865723,1.1009999513626099,37.57500076293945,-13.37399959564209,1.5700000524520874,0.9970016479492188,1.5729999542236328,0.46900010108947754,38.946294874358216
kitti_mini,000049,eps,0.8,0.15,0.1,0.8,10,42,40.0,15.0,24,44,16.47100067138672,13.258999824523926,-0.7570000290870667,19.090999603271484,14.808000087738037,0.17100000381469727,2.6199989318847656,1.5490002632141113,0.9280000329017639,21.14461963392927
kitti_mini,000049,eps,0.8,0.15,0.1,0.8,10,42,40.0,15.0,25,26,27.231499671936035,-12.178000450134277,-0.21299999952316284,27.638999938964844,-11.76099967956543,1.0369999408721924,0.4075002670288086,0.41700077056884766,1.2499999403953552,29.662698593442077
kitti_mini,000049,eps,0.8,0.15,0.1,0.8,10,42,40.0,15.0,26,63,15.828500270843506,2.1470000743865967,-1.3459999561309814,18.33099937438965,3.236999988555908,-0.7289999723434448,2.5024991035461426,1.0899999141693115,0.6169999837875366,15.973447659898254
kitti_mini,000049,eps,0.8,0.15,0.1,0.8,10,42,40.0,15.0,27,54,23.729999542236328,2.7119998931884766,-1.0579999685287476,24.908000946044922,4.7789998054504395,0.1679999977350235,1.1780014038085938,2.066999912261963,1.225999966263771,23.884468210433127
kitti_mini,000049,eps,0.8,0.15,0.1,0.8,10,42,40.0,15.0,28,16,21.256999969482422,7.607999801635742,-0.2879999876022339,22.822999954223633,8.855000019073486,0.17100000381469727,1.565999984741211,1.2470002174377441,0.45899999141693115,22.577460191178837
kitti_mini,000049,eps,0.8,0.15,0.1,0.8,10,42,40.0,15.0,29,213,13.208333651224772,-4.789000034332275,-1.4639999866485596,16.762499809265137,-3.2690000534057617,-0.2639999985694885,3.554166158040365,1.5199999809265137,1.199999988079071,13.60685265560128
kitti_mini,000049,eps,0.8,0.15,0.1,0.8,10,42,40.0,15.0,30,57,31.09600067138672,-11.069000244140625,-1.2829999923706055,31.913000106811523,-8.107999801635742,0.3109999895095825,0.8169994354248047,2.961000442504883,1.593999981880188,32.13566427722023
kitti_mini,000049,eps,0.8,0.15,0.1,0.8,10,42,40.0,15.0,31,17,27.329999923706055,-8.642000198364258,-0.5450000166893005,27.75200080871582,-8.434000015258789,1.1890000104904175,0.4220008850097656,0.20800018310546875,1.734000027179718,28.601770086607544
kitti_mini,000049,eps,0.8,0.15,0.1,0.8,10,42,40.0,15.0,32,53,26.264999389648438,1.996000051498413,-1.1610000133514404,28.558000564575195,3.6519999504089355,1.1449999809265137,2.293001174926758,1.6559998989105225,2.305999994277954,26.34073288926894
kitti_mini,000049,eps,0.8,0.15,0.1,0.8,10,42,40.0,15.0,33,11,39.47600173950195,4.164000034332275,0.6079999804496765,39.608001708984375,4.489999771118164,1.5549999475479126,0.13199996948242188,0.32599973678588867,0.9469999670982361,39.695007363937854
kitti_mini,000049,eps,0.8,0.15,0.1,0.8,10,42,40.0,15.0,34,24,13.373000144958496,7.039000034332275,-1.2399999698003132,13.854999542236328,7.260000228881836,-0.20000000298023224,0.48199939727783203,0.22100019454956055,1.039999966820081,15.112400681572392
kitti_mini,000049,eps,0.8,0.15,0.1,0.8,10,42,40.0,15.0,35,12,37.70100021362305,-14.253999710083008,1.1380000114440918,38.50400161743164,-12.791000366210938,1.5820000171661377,0.8030014038085938,1.4629993438720703,0.4440000057220459,39.81174584812896
kitti_mini,000049,eps,0.8,0.15,0.1,0.8,10,42,40.0,15.0,36,12,35.22600173950195,-4.324999809265137,-1.1720000505447388,35.569000244140625,-3.3559999465942383,-0.2930000126361847,0.3429985046386719,0.9689998626708984,0.8790000379085541,35.38550457733979
kitti_mini,000049,eps,0.8,0.15,0.1,0.8,10,42,40.0,15.0,37,27,14.187000274658203,-11.170000076293945,-1.690999984741211,14.60699987411499,-8.736000061035156,-1.5390000343322754,0.4199995994567871,2.434000015258789,0.15199995040893555,16.660992583263404
kitti_mini,000049,eps,0.8,0.15,0.1,0.8,10,42,40.0,15.0,38,31,32.393001556396484,-4.314000129699707,-1.0820000171661377,33.132999420166016,-3.6760001182556152,0.15550000220537186,0.7399978637695312,0.6380000114440918,1.2375000193715096,32.600912973444785
kitti_mini,000049,distance_threshold,0.05,0.15,0.05,0.5,10,42,40.0,15.0,0,1363,1.0049999952316284,-14.998000144958496,-1.9699999690055847,11.614500045776367,-11.84725022315979,0.8349999785423279,10.609500050544739,3.150749921798706,2.8049999475479126,11.889800790617782
kitti_mini,000049,distance_threshold,0.05,0.15,0.05,0.5,10,42,40.0,15.0,1,653,15.906999588012695,-14.361000061035156,-1.8049999475479126,26.27199935913086,-9.069999694824219,0.47699999809265137,10.364999771118164,5.2910003662109375,2.281999945640564,18.311131323791752
kitti_mini,000049,distance_threshold,0.05,0.15,0.05,0.5,10,42,40.0,15.0,2,344,12.553142820085798,2.3899999856948853,-1.4259999791781108,14.473999977111816,5.98799991607666,0.004000000189989805,1.9208571570260187,3.597999930381775,1.4299999793681006,12.77863430078086
kitti_mini,000049,distance_threshold,0.05,0.15,0.05,0.5,10,42,40.0,15.0,3,81,20.601500511169434,2.9679999351501465,-1.2920000553131104,21.726500511169434,4.7870001792907715,0.03749999962747097,1.125,1.819000244140625,1.3295000549405813,20.814198205233986
kitti_mini,000049,distance_threshold,0.05,0.15,0.05,0.5,10,42,40.0,15.0,4,119,20.17033322652181,-1.2269999980926514,-1.3549999594688416,21.31399917602539,0.4790000021457672,-0.08500000089406967,1.143665949503582,1.7060000002384186,1.2699999585747719,20.17033322652181
kitti_mini,000049,distance_threshold,0.05,0.15,0.05,0.5,10,42,40.0,15.0,5,944,1.0069999694824219,2.2202500104904175,-1.610357139791761,8.894000053405762,5.729400157928467,0.5199999809265137,7.88700008392334,3.5091501474380493,2.1303571207182745,2.4379415595170237
kitti_mini,000049,distance_threshold,0.05,0.15,0.05,0.5,10,42,40.0,15.0,6,118,5.385999917984009,13.535499811172485,-0.9305000007152557,8.133999824523926,14.97599983215332,0.08399999886751175,2.747999906539917,1.440500020980835,1.0144999995827675,14.567729756375018
kitti_mini,000049,distance_threshold,0.05,0.15,0.05,0.5,10,42,40.0,15.0,7,86,31.03499984741211,-13.472999572753906,-0.2930000126361847,33.327999114990234,-12.446999549865723,0.984000027179718,2.292999267578125,1.0260000228881836,1.2770000398159027,33.43798757884851
kitti_mini,000049,distance_threshold,0.05,0.15,0.05,0.5,10,42,40.0,15.0,8,140,9.954999923706055,-10.005999565124512,-1.7020000219345093,13.26200008392334,-6.745666583379109,-1.4459999799728394,3.307000160217285,3.2603329817454023,0.2560000419616699,12.025225201014122
kitti_mini,000049,distance_threshold,0.05,0.15,0.05,0.5,10,42,40.0,15.0,9,37,18.356000900268555,4.25600004196167,-0.06199999898672104,18.717500686645508,4.664499998092651,0.8539999723434448,0.3614997863769531,0.40849995613098145,0.9159999713301659,18.842937812555604
kitti_mini,000049,distance_threshold,0.05,0.15,0.05,0.5,10,42,40.0,15.0,10,174,18.347000122070312,-5.0879998207092285,-1.4539999961853027,21.96500015258789,-3.2839999198913574,0.27000001072883606,3.618000030517578,1.803999900817871,1.7240000069141388,18.63859085212974
kitti_mini,000049,distance_threshold,0.05,0.15,0.05,0.5,10,42,40.0,15.0,11,33,15.317000389099121,-12.642000198364258,-1.7610000371932983,15.64900016784668,-9.472500324249268,-1.5709999799728394,0.3319997787475586,3.1694998741149902,0.19000005722045898,18.00940763358321
kitti_mini,000049,distance_threshold,0.05,0.15,0.05,0.5,10,42,40.0,15.0,12,139,5.8420000076293945,7.365000009536743,-1.3279999494552612,9.343000411987305,8.746000289916992,-0.08299999684095383,3.50100040435791,1.381000280380249,1.2449999526143074,9.40064834091873
kitti_mini,000049,distance_threshold,0.05,0.15,0.05,0.5,10,42,40.0,15.0,13,671,1.0073333581288655,-4.9679999351501465,-1.7949999570846558,5.421000003814697,-2.4159998893737793,-0.09300000220537186,4.413666645685832,2.552000045776367,1.701999954879284,2.6175897233625616
kitti_mini,000049,distance_threshold,0.05,0.15,0.05,0.5,10,42,40.0,15.0,14,210,2.1519999504089355,7.265999794006348,-1.4299999475479126,4.764999866485596,8.961666425069174,-0.14800000190734863,2.61299991607666,1.6956666310628261,1.281999945640564,7.577985008764556
kitti_mini,000049,distance_threshold,0.05,0.15,0.05,0.5,10,42,40.0,15.0,15,222,7.9079999923706055,-4.696000099182129,-1.6735000014305115,11.605999946594238,-3.306666692097982,-0.25999999046325684,3.697999954223633,1.389333407084147,1.4135000109672546,8.571493947496183
kitti_mini,000049,distance_threshold,0.05,0.15,0.05,0.5,10,42,40.0,15.0,16,167,10.158999919891357,7.117500066757202,-1.2269999980926514,12.654999732971191,8.861000061035156,0.0035000001080334187,2.495999813079834,1.743499994277954,1.2304999982006848,12.40419632917189
kitti_mini,000049,distance_threshold,0.05,0.15,0.05,0.5,10,42,40.0,15.0,17,18,30.992000579833984,2.4860000610351562,-0.6320000290870667,32.0880012512207,3.5390000343322754,-0.2370000034570694,1.0960006713867188,1.0529999732971191,0.39500002562999725,31.091547022364402
kitti_mini,000049,distance_threshold,0.05,0.15,0.05,0.5,10,42,40.0,15.0,18,187,15.842666784922281,7.078999996185303,-1.2480000257492065,18.854000091552734,8.855999946594238,0.05700000002980232,3.011333306630453,1.7769999504089355,1.3050000257790089,17.352300475846747
kitti_mini,000049,distance_threshold,0.05,0.15,0.05,0.5,10,42,40.0,15.0,19,12,36.83250045776367,1.9010000228881836,-0.9929999709129333,37.80699920654297,2.7720000743865967,-0.5855000019073486,0.9744987487792969,0.8710000514984131,0.4074999690055847,36.881525064158915
kitti_mini,000049,distance_threshold,0.05,0.15,0.05,0.5,10,42,40.0,15.0,20,26,27.231499671936035,-12.178000450134277,-0.21299999952316284,27.638999938964844,-11.76099967956543,1.0369999408721924,0.4075002670288086,0.41700077056884766,1.2499999403953552,29.662698593442077
kitti_mini,000049,distance_threshold,0.05,0.15,0.05,0.5,10,42,40.0,15.0,21,19,28.805999755859375,4.2129998207092285,0.29899999499320984,29.05500030517578,4.598999977111816,1.2029999494552612,0.24900054931640625,0.3860001564025879,0.9039999544620514,29.11245419788353
kitti_mini,000049,distance_threshold,0.05,0.15,0.05,0.5,10,42,40.0,15.0,22,66,15.54099988937378,2.0999999046325684,-1.3973333239555359,17.93000030517578,2.9630000591278076,-0.8389999866485596,2.389000415802002,0.8630001544952393,0.5583333373069763,15.682240820781086
kitti_mini,000049,distance_threshold,0.05,0.15,0.05,0.5,10,42,40.0,15.0,23,217,13.208333651224772,-4.789000034332275,-1.5752499997615814,16.762499809265137,-3.2690000534057617,-0.2639999985694885,3.554166158040365,1.5199999809265137,1.311250001192093,13.60685265560128
kitti_mini,000049,distance_threshold,0.05,0.15,0.05,0.5,10,42,40.0,15.0,24,59,1.0273332993189495,-9.831500053405762,-1.9264000177383422,1.9919999837875366,-7.353000164031982,-1.8589999675750732,0.9646666844685872,2.4784998893737793,0.067400050163269,7.424420860925377
kitti_mini,000049,distance_threshold,0.05,0.15,0.05,0.5,10,42,40.0,15.0,25,29,7.452500104904175,-9.109000205993652,-0.5210000276565552,8.04699993133545,-8.847999572753906,0.6190000176429749,0.5944998264312744,0.2610006332397461,1.14000004529953,11.568355728151259
kitti_mini,000049,distance_threshold,0.05,0.15,0.05,0.5,10,42,40.0,15.0,26,16,26.753999710083008,-9.928000450134277,-1.2640000581741333,27.726999282836914,-9.692000389099121,-0.39500001072883606,0.9729995727539062,0.23600006103515625,0.8690000474452972,28.455427813150504
kitti_mini,000049,distance_threshold,0.05,0.15,0.05,0.5,10,42,40.0,15.0,27,52,31.09600067138672,-11.069000244140625,-1.465000033378601,31.632999420166016,-8.539999961853027,0.15600000321865082,0.5369987487792969,2.5290002822875977,1.621000036597252,32.24736977031356
kitti_mini,000049,distance_threshold,0.05,0.15,0.05,0.5,10,42,40.0,15.0,28,15,25.709999084472656,7.482499837875366,-0.17299999296665192,26.546000480651855,8.475000381469727,0.164000004529953,0.8360013961791992,0.9925005435943604,0.3369999974966049,26.776703619889243
kitti_mini,000049,distance_threshold,0.05,0.15,0.05,0.5,10,42,40.0,15.0,29,26,16.23200035095215,-9.076000213623047,-0.9449999928474426,16.55900001525879,-8.908999919891357,0.8460000157356262,0.3269996643066406,0.16700029373168945,1.7910000085830688,18.516158212921354
kitti_mini,000049,distance_threshold,0.05,0.15,0.05,0.5,10,42,40.0,15.0,30,44,32.393001556396484,-4.526000022888184,-1.274999976158142,33.132999420166016,-3.0380001068115234,0.15550000220537186,0.7399978637695312,1.4879999160766602,1.430499978363514,32.53515013768481
kitti_mini,000049,distance_threshold,0.05,0.15,0.05,0.5,10,42,40.0,15.0,31,40,1.0294999480247498,-11.509000142415365,-1.9290000200271606,2.48199999332428,-10.261499881744385,-1.9039999961853027,1.45250004529953,1.2475002606709804,0.025000023841857955,10.3130136219256
kitti_mini,000049,distance_threshold,0.05,0.15,0.05,0.5,10,42,40.0,15.0,32,27,3.9019999504089355,13.9399995803833,-0.871999979019165,5.288000106811523,14.942999839782715,-0.3790000081062317,1.386000156402588,1.003000259399414,0.49299997091293335,14.47581403286454
kitti_mini,000049,distance_threshold,0.05,0.15,0.05,0.5,10,42,40.0,15.0,33,14,27.329999923706055,-8.642000198364258,-0.20100000500679016,27.742000579833984,-8.434000015258789,1.0049999952316284,0.4120006561279297,0.20800018310546875,1.2060000002384186,28.601770086607544
kitti_mini,000049,distance_threshold,0.05,0.15,0.05,0.5,10,42,40.0,15.0,34,10,36.577999114990234,-14.515999794006348,1.1009999513626099,36.979000091552734,-13.66100025177002,1.2960000038146973,0.4010009765625,0.8549995422363281,0.1950000524520874,39.04578014504368
kitti_mini,000049,distance_threshold,0.05,0.15,0.05,0.5,10,42,40.0,15.0,35,45,23.729999542236328,2.7119998931884766,-1.2100000381469727,24.908000946044922,3.497999906539917,0.014000000432133675,1.1780014038085938,0.7860000133514404,1.2240000385791063,23.884468210433127
kitti_mini,000049,distance_threshold,0.05,0.15,0.05,0.5,10,42,40.0,15.0,36,14,16.47100067138672,13.258999824523926,-0.7570000290870667,17.393999099731445,13.442000389099121,-0.10199999809265137,0.9229984283447266,0.1830005645751953,0.6550000309944153,21.14461963392927
kitti_mini,000049,distance_threshold,0.05,0.15,0.05,0.5,10,42,40.0,15.0,37,70,8.347000122070312,5.5959999561309814,-1.4119999408721924,9.824999809265137,6.745999813079834,-0.8500000238418579,1.4779996871948242,1.1499998569488525,0.5619999170303345,10.04925999996317
kitti_mini,000049,distance_threshold,0.05,0.15,0.05,0.5,10,42,40.0,15.0,38,17,31.033000946044922,-14.88100004196167,0.15399999916553497,31.170000076293945,-13.954999923706055,0.7329999804496765,0.13699913024902344,0.9260001182556152,0.5789999812841415,34.026301159365836
kitti_mini,000049,distance_threshold,0.05,0.15,0.05,0.5,10,42,40.0,15.0,39,13,35.22600173950195,-3.812999963760376,-1.1770000457763672,35.69499969482422,-2.884999990463257,-0.5440000295639038,0.4689979553222656,0.9279999732971191,0.6330000162124634,35.343944651048325
kitti_mini,000049,distance_threshold,0.05,0.15,0.05,0.5,10,42,40.0,15.0,40,30,14.187000274658203,-11.442999839782715,-1.718999981880188,14.60699987411499,-8.736000061035156,-1.5390000343322754,0.4199995994567871,2.7069997787475586,0.1799999475479126,16.660992583263404
kitti_mini,000049,distance_threshold,0.05,0.15,0.05,0.5,10,42,40.0,15.0,41,25,13.373000144958496,7.039000034332275,-1.2940000295639038,13.854999542236328,7.260000228881836,-0.20000000298023224,0.48199939727783203,0.22100019454956055,1.0940000265836716,15.112400681572392
kitti_mini,000049,distance_threshold,0.05,0.15,0.05,0.5,10,42,40.0,15.0,42,10,17.770000457763672,13.925000190734863,-0.2770000100135803,18.089000701904297,14.807000160217285,0.17100000381469727,0.319000244140625,0.8819999694824219,0.4480000138282776,22.57606136111627
kitti_mini,000049,distance_threshold,0.05,0.15,0.05,0.5,10,42,40.0,15.0,43,13,17.200000762939453,-13.649999618530273,-1.5789999961853027,17.982999801635742,-13.375,-0.9014999866485596,0.7829990386962891,0.27499961853027344,0.6775000095367432,21.788314557237275
kitti_mini,000049,distance_threshold,0.05,0.15,0.05,0.5,10,42,40.0,15.0,44,34,26.364999771118164,1.996000051498413,-1.1610000133514404,27.7810001373291,3.01200008392334,-0.3709999918937683,1.4160003662109375,1.0160000324249268,0.7900000214576721,26.44044684071437
kitti_mini,000049,distance_threshold,0.05,0.15,0.05,0.5,10,42,40.0,15.0,45,10,29.395000457763672,-3.492000102996826,-1.284999966621399,29.524999618530273,-2.565000057220459,-1.2790000438690186,0.12999916076660156,0.9270000457763672,0.005999922752380371,29.506698853065
kitti_mini,000049,distance_threshold,0.05,0.15,0.05,0.5,10,42,40.0,15.0,46,10,26.99149990081787,-3.196000099182129,-1.347000002861023,27.299999237060547,-2.2949999570846558,-1.3320000171661377,0.3084993362426758,0.9010001420974731,0.014999985694885254,27.088892404431558
kitti_mini,000049,distance_threshold,0.05,0.15,0.05,0.5,10,42,40.0,15.0,47,9,14.361999988555908,-12.3149995803833,-1.784000039100647,14.597999572753906,-11.638000011444092,-1.7339999675750732,0.23599958419799805,0.676999568939209,0.05000007152557373,18.48540202261375
kitti_mini,000049,distance_threshold,0.1,0.15,0.1,0.5,10,42,40.0,15.0,0,1363,1.0049999952316284,-14.998000144958496,-1.9699999690055847,11.614500045776367,-11.84725022315979,0.8349999785423279,10.609500050544739,3.150749921798706,2.8049999475479126,11.889800790617782
kitti_mini,000049,distance_threshold,0.1,0.15,0.1,0.5,10,42,40.0,15.0,1,644,15.906999588012695,-13.960000038146973,-1.7145000100135803,26.27199935913086,-9.069999694824219,0.47699999809265137,10.364999771118164,4.890000343322754,2.1915000081062317,18.311131323791752
kitti_mini,000049,distance_threshold,0.1,0.15,0.1,0.5,10,42,40.0,15.0,2,338,12.553142820085798,2.3899999856948853,-1.3389999866485596,14.473999977111816,5.98799991607666,0.004000000189989805,1.9208571570260187,3.597999930381775,1.3429999868385494,12.77863430078086
kitti_mini,000049,distance_threshold,0.1,0.15,0.1,0.5,10,42,40.0,15.0,3,80,20.601500511169434,3.030500054359436,-1.1570000052452087,21.726500511169434,4.7870001792907715,0.03749999962747097,1.125,1.7565001249313354,1.1945000048726797,20.823202296745496
kitti_mini,000049,distance_threshold,0.1,0.15,0.1,0.5,10,42,40.0,15.0,4,117,20.17033322652181,-1.2269999980926514,-1.3519999980926514,21.31399917602539,0.4790000021457672,-0.08500000089406967,1.143665949503582,1.7060000002384186,1.2669999971985817,20.17033322652181
kitti_mini,000049,distance_threshold,0.1,0.15,0.1,0.5,10,42,40.0,15.0,5,480,5.079199981689453,2.3070000410079956,-1.5256666739781697,8.894000053405762,5.525333245595296,0.5199999809265137,3.8148000717163084,3.2183332045873003,2.045666654904683,5.578577026734061
kitti_mini,000049,distance_threshold,0.1,0.15,0.1,0.5,10,42,40.0,15.0,6,186,1.0069999694824219,2.924999952316284,-1.5237500369548798,2.7073334058125815,4.815999984741211,-0.11600000038743019,1.7003334363301597,1.8910000324249268,1.4077500365674496,3.093488913765146
kitti_mini,000049,distance_threshold,0.1,0.15,0.1,0.5,10,42,40.0,15.0,7,118,5.385999917984009,13.535499811172485,-0.9305000007152557,8.133999824523926,14.97599983215332,0.08399999886751175,2.747999906539917,1.440500020980835,1.0144999995827675,14.567729756375018
kitti_mini,000049,distance_threshold,0.1,0.15,0.1,0.5,10,42,40.0,15.0,8,86,31.03499984741211,-13.472999572753906,-0.2930000126361847,33.327999114990234,-12.446999549865723,0.984000027179718,2.292999267578125,1.0260000228881836,1.2770000398159027,33.43798757884851
kitti_mini,000049,distance_threshold,0.1,0.15,0.1,0.5,10,42,40.0,15.0,9,122,10.187500238418579,-10.005999565124512,-1.6688000202178954,13.26200008392334,-7.185499906539917,-1.4459999799728394,3.0744998455047607,2.8204996585845947,0.22280004024505606,12.466618226875473
kitti_mini,000049,distance_threshold,0.1,0.15,0.1,0.5,10,42,40.0,15.0,10,37,18.356000900268555,4.25600004196167,-0.06199999898672104,18.717500686645508,4.664499998092651,0.8539999723434448,0.3614997863769531,0.40849995613098145,0.9159999713301659,18.842937812555604
kitti_mini,000049,distance_threshold,0.1,0.15,0.1,0.5,10,42,40.0,15.0,11,170,18.347000122070312,-5.0879998207092285,-1.3985000252723694,21.96500015258789,-3.2839999198913574,0.27000001072883606,3.618000030517578,1.803999900817871,1.6685000360012054,18.63859085212974
kitti_mini,000049,distance_threshold,0.1,0.15,0.1,0.5,10,42,40.0,15.0,12,17,15.322999954223633,-10.957000255584717,-1.6650000214576721,15.638999938964844,-9.472500324249268,-1.5709999799728394,0.31599998474121094,1.4844999313354492,0.09400004148483276,18.01451053984093
kitti_mini,000049,distance_threshold,0.1,0.15,0.1,0.5,10,42,40.0,15.0,13,139,5.8420000076293945,7.365000009536743,-1.3279999494552612,9.343000411987305,8.746000289916992,-0.08299999684095383,3.50100040435791,1.381000280380249,1.2449999526143074,9.40064834091873
kitti_mini,000049,distance_threshold,0.1,0.15,0.1,0.5,10,42,40.0,15.0,14,654,1.0073333581288655,-4.9679999351501465,-1.6970000267028809,5.421000003814697,-2.4159998893737793,-0.09300000220537186,4.413666645685832,2.552000045776367,1.604000024497509,2.6175897233625616
kitti_mini,000049,distance_threshold,0.1,0.15,0.1,0.5,10,42,40.0,15.0,15,209,2.1519999504089355,7.265999794006348,-1.4049999713897705,4.764999866485596,8.961666425069174,-0.14800000190734863,2.61299991607666,1.6956666310628261,1.2569999694824219,7.577985008764556
kitti_mini,000049,distance_threshold,0.1,0.15,0.1,0.5,10,42,40.0,15.0,16,166,2.992857115609305,2.868000030517578,-1.468000054359436,4.390999794006348,4.458499908447266,0.010499999858438969,1.3981426783970425,1.5904998779296875,1.478500054217875,4.145192141445566
kitti_mini,000049,distance_threshold,0.1,0.15,0.1,0.5,10,42,40.0,15.0,17,214,7.9079999923706055,-4.696000099182129,-1.6069999933242798,11.605999946594238,-3.306666692097982,-0.25999999046325684,3.697999954223633,1.389333407084147,1.347000002861023,8.571493947496183
kitti_mini,000049,distance_threshold,0.1,0.15,0.1,0.5,10,42,40.0,15.0,18,167,10.158999919891357,7.117500066757202,-1.2269999980926514,12.654999732971191,8.861000061035156,0.0035000001080334187,2.495999813079834,1.743499994277954,1.2304999982006848,12.40419632917189
kitti_mini,000049,distance_threshold,0.1,0.15,0.1,0.5,10,42,40.0,15.0,19,18,30.992000579833984,2.4860000610351562,-0.6320000290870667,32.0880012512207,3.5390000343322754,-0.2370000034570694,1.0960006713867188,1.0529999732971191,0.39500002562999725,31.091547022364402
kitti_mini,000049,distance_threshold,0.1,0.15,0.1,0.5,10,42,40.0,15.0,20,186,15.842666784922281,7.078999996185303,-1.2309999465942383,18.854000091552734,8.855999946594238,0.05700000002980232,3.011333306630453,1.7769999504089355,1.2879999466240406,17.352300475846747
kitti_mini,000049,distance_threshold,0.1,0.15,0.1,0.5,10,42,40.0,15.0,21,12,36.83250045776367,1.9010000228881836,-0.9929999709129333,37.80699920654297,2.7720000743865967,-0.5855000019073486,0.9744987487792969,0.8710000514984131,0.4074999690055847,36.881525064158915
kitti_mini,000049,distance_threshold,0.1,0.15,0.1,0.5,10,42,40.0,15.0,22,26,27.231499671936035,-12.178000450134277,-0.21299999952316284,27.638999938964844,-11.76099967956543,1.0369999408721924,0.4075002670288086,0.41700077056884766,1.2499999403953552,29.662698593442077
kitti_mini,000049,distance_threshold,0.1,0.15,0.1,0.5,10,42,40.0,15.0,23,19,28.805999755859375,4.2129998207092285,0.29899999499320984,29.05500030517578,4.598999977111816,1.2029999494552612,0.24900054931640625,0.3860001564025879,0.9039999544620514,29.11245419788353
kitti_mini,000049,distance_threshold,0.1,0.15,0.1,0.5,10,42,40.0,15.0,24,57,15.828500270843506,2.1470000743865967,-1.3459999561309814,17.93000030517578,2.9630000591278076,-0.8389999866485596,2.1015000343322754,0.8159999847412109,0.5069999694824219,15.973447659898254
kitti_mini,000049,distance_threshold,0.1,0.15,0.1,0.5,10,42,40.0,15.0,25,213,13.208333651224772,-4.789000034332275,-1.4639999866485596,16.762499809265137,-3.2690000534057617,-0.2639999985694885,3.554166158040365,1.5199999809265137,1.199999988079071,13.60685265560128
kitti_mini,000049,distance_threshold,0.1,0.15,0.1,0.5,10,42,40.0,15.0,26,29,7.452500104904175,-9.109000205993652,-0.5210000276565552,8.04699993133545,-8.847999572753906,0.6190000176429749,0.5944998264312744,0.2610006332397461,1.14000004529953,11.568355728151259
kitti_mini,000049,distance_threshold,0.1,0.15,0.1,0.5,10,42,40.0,15.0,27,16,26.753999710083008,-9.928000450134277,-1.2640000581741333,27.726999282836914,-9.692000389099121,-0.39500001072883606,0.9729995727539062,0.23600006103515625,0.8690000474452972,28.455427813150504
kitti_mini,000049,distance_threshold,0.1,0.15,0.1,0.5,10,42,40.0,15.0,28,50,31.09600067138672,-11.069000244140625,-1.2829999923706055,31.632999420166016,-8.539999961853027,0.15600000321865082,0.5369987487792969,2.5290002822875977,1.4389999955892563,32.24736977031356
kitti_mini,000049,distance_threshold,0.1,0.15,0.1,0.5,10,42,40.0,15.0,29,15,25.709999084472656,7.482499837875366,-0.17299999296665192,26.546000480651855,8.475000381469727,0.164000004529953,0.8360013961791992,0.9925005435943604,0.3369999974966049,26.776703619889243
kitti_mini,000049,distance_threshold,0.1,0.15,0.1,0.5,10,42,40.0,15.0,30,26,16.23200035095215,-9.076000213623047,-0.9449999928474426,16.55900001525879,-8.908999919891357,0.8460000157356262,0.3269996643066406,0.16700029373168945,1.7910000085830688,18.516158212921354
kitti_mini,000049,distance_threshold,0.1,0.15,0.1,0.5,10,42,40.0,15.0,31,27,3.9019999504089355,13.9399995803833,-0.871999979019165,5.288000106811523,14.942999839782715,-0.3790000081062317,1.386000156402588,1.003000259399414,0.49299997091293335,14.47581403286454
kitti_mini,000049,distance_threshold,0.1,0.15,0.1,0.5,10,42,40.0,15.0,32,14,27.329999923706055,-8.642000198364258,-0.20100000500679016,27.742000579833984,-8.434000015258789,1.0049999952316284,0.4120006561279297,0.20800018310546875,1.2060000002384186,28.601770086607544
kitti_mini,000049,distance_threshold,0.1,0.15,0.1,0.5,10,42,40.0,15.0,33,10,36.577999114990234,-14.515999794006348,1.1009999513626099,36.979000091552734,-13.66100025177002,1.2960000038146973,0.4010009765625,0.8549995422363281,0.1950000524520874,39.04578014504368
kitti_mini,000049,distance_threshold,0.1,0.15,0.1,0.5,10,42,40.0,15.0,34,43,23.729999542236328,2.7119998931884766,-1.0579999685287476,24.908000946044922,3.497999906539917,0.014000000432133675,1.1780014038085938,0.7860000133514404,1.0719999689608812,23.884468210433127
kitti_mini,000049,distance_threshold,0.1,0.15,0.1,0.5,10,42,40.0,15.0,35,14,16.47100067138672,13.258999824523926,-0.7570000290870667,17.393999099731445,13.442000389099121,-0.10199999809265137,0.9229984283447266,0.1830005645751953,0.6550000309944153,21.14461963392927
kitti_mini,000049,distance_threshold,0.1,0.15,0.1,0.5,10,42,40.0,15.0,36,69,8.347000122070312,5.5959999561309814,-1.3960000276565552,9.824999809265137,6.745999813079834,-0.8500000238418579,1.4779996871948242,1.1499998569488525,0.5460000038146973,10.04925999996317
kitti_mini,000049,distance_threshold,0.1,0.15,0.1,0.5,10,42,40.0,15.0,37,17,31.033000946044922,-14.88100004196167,0.15399999916553497,31.170000076293945,-13.954999923706055,0.7329999804496765,0.13699913024902344,0.9260001182556152,0.5789999812841415,34.026301159365836
kitti_mini,000049,distance_threshold,0.1,0.15,0.1,0.5,10,42,40.0,15.0,38,25,14.1899995803833,-10.949000358581543,-1.684000015258789,14.60699987411499,-8.736000061035156,-1.5390000343322754,0.41700029373168945,2.2130002975463867,0.14499998092651367,16.663546596018644
kitti_mini,000049,distance_threshold,0.1,0.15,0.1,0.5,10,42,40.0,15.0,39,31,32.393001556396484,-4.314000129699707,-1.0820000171661377,33.132999420166016,-3.6760001182556152,0.15550000220537186,0.7399978637695312,0.6380000114440918,1.2375000193715096,32.600912973444785
kitti_mini,000049,distance_threshold,0.1,0.15,0.1,0.5,10,42,40.0,15.0,40,24,13.373000144958496,7.039000034332275,-1.2399999698003132,13.854999542236328,7.260000228881836,-0.20000000298023224,0.48199939727783203,0.22100019454956055,1.039999966820081,15.112400681572392
kitti_mini,000049,distance_threshold,0.1,0.15,0.1,0.5,10,42,40.0,15.0,41,10,17.770000457763672,13.925000190734863,-0.2770000100135803,18.089000701904297,14.807000160217285,0.17100000381469727,0.319000244140625,0.8819999694824219,0.4480000138282776,22.57606136111627
kitti_mini,000049,distance_threshold,0.1,0.15,0.1,0.5,10,42,40.0,15.0,42,13,17.200000762939453,-13.649999618530273,-1.5789999961853027,17.982999801635742,-13.375,-0.9014999866485596,0.7829990386962891,0.27499961853027344,0.6775000095367432,21.788314557237275
kitti_mini,000049,distance_threshold,0.1,0.15,0.1,0.5,10,42,40.0,15.0,43,34,26.364999771118164,1.996000051498413,-1.1610000133514404,27.7810001373291,3.01200008392334,-0.3709999918937683,1.4160003662109375,1.0160000324249268,0.7900000214576721,26.44044684071437
kitti_mini,000049,distance_threshold,0.3,0.15,0.3,0.5,10,42,40.0,15.0,0,1228,2.3940000534057617,-14.998000144958496,-1.7920000553131104,11.614500045776367,-12.317999839782715,0.8349999785423279,9.220499992370605,2.6800003051757812,2.6270000338554382,12.548480239000808
kitti_mini,000049,distance_threshold,0.3,0.15,0.3,0.5,10,42,40.0,15.0,1,581,15.906999588012695,-13.960000038146973,-1.5040000081062317,26.27199935913086,-9.069999694824219,0.47699999809265137,10.364999771118164,4.890000343322754,1.981000006198883,18.311131323791752
kitti_mini,000049,distance_threshold,0.3,0.15,0.3,0.5,10,42,40.0,15.0,2,283,12.553142820085798,2.3899999856948853,-1.1227499842643738,14.473999977111816,5.9629998207092285,0.004000000189989805,1.9208571570260187,3.5729998350143433,1.1267499844543636,12.77863430078086
kitti_mini,000049,distance_threshold,0.3,0.15,0.3,0.5,10,42,40.0,15.0,3,73,20.601500511169434,3.030500054359436,-0.9984999895095825,21.632999420166016,4.7870001792907715,0.03749999962747097,1.031498908996582,1.7565001249313354,1.0359999891370535,20.823202296745496
kitti_mini,000049,distance_threshold,0.3,0.15,0.3,0.5,10,42,40.0,15.0,4,241,6.146000067392985,2.7249999046325684,-1.220374971628189,8.894000053405762,5.434999942779541,0.5199999809265137,2.7479999860127764,2.7100000381469727,1.7403749525547028,6.723015789706438
kitti_mini,000049,distance_threshold,0.3,0.15,0.3,0.5,10,42,40.0,15.0,5,149,1.0069999694824219,2.924999952316284,-1.266840000152588,2.6446666452619763,4.7482500076293945,-0.11600000038743019,1.6376666757795544,1.8232500553131104,1.1508399997651577,3.093488913765146
kitti_mini,000049,distance_threshold,0.3,0.15,0.3,0.5,10,42,40.0,15.0,6,117,5.385999917984009,13.535499811172485,-0.8480000048875809,8.133999824523926,14.97599983215332,0.08399999886751175,2.747999906539917,1.440500020980835,0.9320000037550926,14.567729756375018
kitti_mini,000049,distance_threshold,0.3,0.15,0.3,0.5,10,42,40.0,15.0,7,86,31.03499984741211,-13.472999572753906,-0.2930000126361847,33.327999114990234,-12.446999549865723,0.984000027179718,2.292999267578125,1.0260000228881836,1.2770000398159027,33.43798757884851
kitti_mini,000049,distance_threshold,0.3,0.15,0.3,0.5,10,42,40.0,15.0,8,37,18.356000900268555,4.25600004196167,-0.06199999898672104,18.717500686645508,4.664499998092651,0.8539999723434448,0.3614997863769531,0.40849995613098145,0.9159999713301659,18.842937812555604
kitti_mini,000049,distance_threshold,0.3,0.15,0.3,0.5,10,42,40.0,15.0,9,159,18.347000122070312,-5.0879998207092285,-1.1990000009536743,21.96500015258789,-3.2839999198913574,0.27000001072883606,3.618000030517578,1.803999900817871,1.4690000116825104,18.63859085212974
kitti_mini,000049,distance_threshold,0.3,0.15,0.3,0.5,10,42,40.0,15.0,10,119,5.8420000076293945,7.365000009536743,-1.0878333449363708,9.343000411987305,8.746000289916992,-0.08299999684095383,3.50100040435791,1.381000280380249,1.004833348095417,9.40064834091873
kitti_mini,000049,distance_threshold,0.3,0.15,0.3,0.5,10,42,40.0,15.0,11,591,1.0073333581288655,-4.9679999351501465,-1.4791666467984517,5.421000003814697,-2.4159998893737793,-0.09300000220537186,4.413666645685832,2.552000045776367,1.3861666445930798,2.6175897233625616
kitti_mini,000049,distance_threshold,0.3,0.15,0.3,0.5,10,42,40.0,15.0,12,203,2.1519999504089355,7.265999794006348,-1.1239999532699585,4.764999866485596,8.961666425069174,-0.14800000190734863,2.61299991607666,1.6956666310628261,0.9759999513626099,7.577985008764556
kitti_mini,000049,distance_threshold,0.3,0.15,0.3,0.5,10,42,40.0,15.0,13,136,2.992857115609305,2.868000030517578,-1.2624074044050995,4.390999794006348,4.458499908447266,0.010499999858438969,1.3981426783970425,1.5904998779296875,1.2729074042635384,4.145192141445566
kitti_mini,000049,distance_threshold,0.3,0.15,0.3,0.5,10,42,40.0,15.0,14,172,7.9079999923706055,-4.696000099182129,-1.3730000058809917,11.605999946594238,-3.306666692097982,-0.25999999046325684,3.697999954223633,1.389333407084147,1.1130000154177349,8.571493947496183
kitti_mini,000049,distance_threshold,0.3,0.15,0.3,0.5,10,42,40.0,15.0,15,144,10.158999919891357,7.117500066757202,-1.0199999809265137,12.654999732971191,8.861000061035156,0.0035000001080334187,2.495999813079834,1.743499994277954,1.023499981034547,12.40419632917189
kitti_mini,000049,distance_threshold,0.3,0.15,0.3,0.5,10,42,40.0,15.0,16,18,30.992000579833984,2.4860000610351562,-0.6320000290870667,32.0880012512207,3.5390000343322754,-0.2370000034570694,1.0960006713867188,1.0529999732971191,0.39500002562999725,31.091547022364402
kitti_mini,000049,distance_threshold,0.3,0.15,0.3,0.5,10,42,40.0,15.0,17,151,15.861400032043457,7.078999996185303,-0.9395999908447266,18.854000091552734,8.855999946594238,0.05700000002980232,2.992600059509277,1.7769999504089355,0.9965999908745289,17.369405629511323
kitti_mini,000049,distance_threshold,0.3,0.15,0.3,0.5,10,42,40.0,15.0,18,93,20.17033322652181,-1.2269999980926514,-1.090000033378601,21.31399917602539,0.4449999928474426,-0.08500000089406967,1.143665949503582,1.671999990940094,1.0050000324845314,20.17033322652181
kitti_mini,000049,distance_threshold,0.3,0.15,0.3,0.5,10,42,40.0,15.0,19,26,27.231499671936035,-12.178000450134277,-0.21299999952316284,27.638999938964844,-11.76099967956543,1.0369999408721924,0.4075002670288086,0.41700077056884766,1.2499999403953552,29.662698593442077
kitti_mini,000049,distance_threshold,0.3,0.15,0.3,0.5,10,42,40.0,15.0,20,19,28.805999755859375,4.2129998207092285,0.29899999499320984,29.05500030517578,4.598999977111816,1.2029999494552612,0.24900054931640625,0.3860001564025879,0.9039999544620514,29.11245419788353
kitti_mini,000049,distance_threshold,0.3,0.15,0.3,0.5,10,42,40.0,15.0,21,19,16.065000534057617,2.23799991607666,-1.0579999685287476,17.395999908447266,2.9630000591278076,-0.8389999866485596,1.3309993743896484,0.7250001430511475,0.218999981880188,16.220138278807326
kitti_mini,000049,distance_threshold,0.3,0.15,0.3,0.5,10,42,40.0,15.0,22,190,13.208333651224772,-4.789000034332275,-1.2899999916553497,16.762499809265137,-3.2869999408721924,-0.2639999985694885,3.554166158040365,1.502000093460083,1.0259999930858612,13.611188282195295
kitti_mini,000049,distance_threshold,0.3,0.15,0.3,0.5,10,42,40.0,15.0,23,29,7.452500104904175,-9.109000205993652,-0.5210000276565552,8.04699993133545,-8.847999572753906,0.6190000176429749,0.5944998264312744,0.2610006332397461,1.14000004529953,11.568355728151259
kitti_mini,000049,distance_threshold,0.3,0.15,0.3,0.5,10,42,40.0,15.0,24,16,26.753999710083008,-9.928000450134277,-1.2640000581741333,27.726999282836914,-9.692000389099121,-0.39500001072883606,0.9729995727539062,0.23600006103515625,0.8690000474452972,28.455427813150504
kitti_mini,000049,distance_threshold,0.3,0.15,0.3,0.5,10,42,40.0,15.0,25,49,31.09600067138672,-11.067000389099121,-1.0829999446868896,31.632999420166016,-8.539999961853027,0.15600000321865082,0.5369987487792969,2.5270004272460938,1.2389999479055405,32.24736977031356
kitti_mini,000049,distance_threshold,0.3,0.15,0.3,0.5,10,42,40.0,15.0,26,15,25.709999084472656,7.482499837875366,-0.17299999296665192,26.546000480651855,8.475000381469727,0.164000004529953,0.8360013961791992,0.9925005435943604,0.3369999974966049,26.776703619889243
kitti_mini,000049,distance_threshold,0.3,0.15,0.3,0.5,10,42,40.0,15.0,27,26,16.23200035095215,-9.076000213623047,-0.9449999928474426,16.55900001525879,-8.908999919891357,0.8460000157356262,0.3269996643066406,0.16700029373168945,1.7910000085830688,18.516158212921354
kitti_mini,000049,distance_threshold,0.3,0.15,0.3,0.5,10,42,40.0,15.0,28,27,3.9019999504089355,13.9399995803833,-0.871999979019165,5.288000106811523,14.942999839782715,-0.3790000081062317,1.386000156402588,1.003000259399414,0.49299997091293335,14.47581403286454
kitti_mini,000049,distance_threshold,0.3,0.15,0.3,0.5,10,42,40.0,15.0,29,14,27.329999923706055,-8.642000198364258,-0.20100000500679016,27.742000579833984,-8.434000015258789,1.0049999952316284,0.4120006561279297,0.20800018310546875,1.2060000002384186,28.601770086607544
kitti_mini,000049,distance_threshold,0.3,0.15,0.3,0.5,10,42,40.0,15.0,30,10,36.577999114990234,-14.515999794006348,1.1009999513626099,36.979000091552734,-13.66100025177002,1.2960000038146973,0.4010009765625,0.8549995422363281,0.1950000524520874,39.04578014504368
kitti_mini,000049,distance_threshold,0.3,0.15,0.3,0.5,10,42,40.0,15.0,31,53,1.0049999952316284,-13.038000106811523,-1.7410000562667847,1.8805000185966492,-12.609999656677246,-0.5860000252723694,0.8755000233650208,0.42800045013427734,1.1550000309944153,12.649984835240547
kitti_mini,000049,distance_threshold,0.3,0.15,0.3,0.5,10,42,40.0,15.0,32,38,23.729999542236328,2.7119998931884766,-0.8920000195503235,24.724000930786133,3.497999906539917,0.014000000432133675,0.9940013885498047,0.7860000133514404,0.9060000199824572,23.884468210433127
kitti_mini,000049,distance_threshold,0.3,0.15,0.3,0.5,10,42,40.0,15.0,33,14,16.47100067138672,13.258999824523926,-0.7570000290870667,17.393999099731445,13.442000389099121,-0.10199999809265137,0.9229984283447266,0.1830005645751953,0.6550000309944153,21.14461963392927
kitti_mini,000049,distance_threshold,0.3,0.15,0.3,0.5,10,42,40.0,15.0,34,38,8.92199993133545,5.5959999561309814,-1.1035000085830688,9.824999809265137,6.538000106811523,-0.8500000238418579,0.9029998779296875,0.942000150680542,0.25349998474121094,10.531728171756415
kitti_mini,000049,distance_threshold,0.3,0.15,0.3,0.5,10,42,40.0,15.0,35,17,31.033000946044922,-14.88100004196167,0.15399999916553497,31.170000076293945,-13.954999923706055,0.7329999804496765,0.13699913024902344,0.9260001182556152,0.5789999812841415,34.026301159365836
kitti_mini,000049,distance_threshold,0.3,0.15,0.3,0.5,10,42,40.0,15.0,36,27,32.393001556396484,-4.314000129699707,-0.8539999723434448,32.94200134277344,-3.7090001106262207,0.15550000220537186,0.5489997863769531,0.6050000190734863,1.0094999745488167,32.60465046052987
kitti_mini,000049,distance_threshold,0.3,0.15,0.3,0.5,10,42,40.0,15.0,37,10,17.770000457763672,13.925000190734863,-0.2770000100135803,18.089000701904297,14.807000160217285,0.17100000381469727,0.319000244140625,0.8819999694824219,0.4480000138282776,22.57606136111627
kitti_mini,000049,distance_threshold,0.3,0.15,0.3,0.5,10,42,40.0,15.0,38,12,17.200000762939453,-13.649999618530273,-1.4390000104904175,17.982999801635742,-13.375,-0.9014999866485596,0.7829990386962891,0.27499961853027344,0.5375000238418579,21.788314557237275
kitti_mini,000049,distance_threshold,0.3,0.15,0.3,0.5,10,42,40.0,15.0,39,10,26.826000213623047,2.3429999351501465,-0.8579999804496765,27.445999145507812,2.8550000190734863,-0.671999990940094,0.6199989318847656,0.5120000839233398,0.18599998950958252,26.928125373991733
kitti_mini,000049,distance_threshold,0.3,0.15,0.3,0.5,10,42,40.0,15.0,40,20,13.373000144958496,7.039000034332275,-0.988999992609024,13.854999542236328,7.260000228881836,-0.20000000298023224,0.48199939727783203,0.22100019454956055,0.7889999896287918,15.112400681572392
